"","Date.Of.Stop","SubAgency","Accident","Personal.Injury","Property.Damage","Fatal","Alcohol","Vehicle.Year","Month of Stop"
"83","2018-07-16","4th District, Wheaton","Yes","No","Yes","No","No",2008,7
"183","2019-07-08","4th District, Wheaton","Yes","No","No","No","No",2003,7
"237","2013-08-05","1st District, Rockville","Yes","Yes","No","No","No",2007,8
"238","2012-03-22","2nd District, Bethesda","Yes","Yes","No","No","No",2008,3
"271","2019-01-01","4th District, Wheaton","Yes","No","No","No","No",2004,1
"324","2014-03-26","4th District, Wheaton","Yes","No","No","No","No",2003,3
"327","2019-05-25","4th District, Wheaton","Yes","No","No","No","No",2011,5
"363","2014-07-05","1st District, Rockville","Yes","Yes","No","No","No",2007,7
"390","2016-08-16","5th District, Germantown","Yes","Yes","No","No","No",2000,8
"419","2015-11-28","3rd District, Silver Spring","Yes","No","Yes","No","No",1998,11
"477","2014-08-27","2nd District, Bethesda","Yes","No","Yes","No","No",1999,8
"588","2012-02-02","4th District, Wheaton","Yes","Yes","No","No","No",1995,2
"629","2018-12-17","4th District, Wheaton","Yes","No","No","No","No",2013,12
"743","2012-06-12","1st District, Rockville","Yes","No","Yes","No","No",1991,6
"784","2019-03-20","4th District, Wheaton","Yes","Yes","No","No","No",2010,3
"800","2014-10-08","3rd District, Silver Spring","Yes","No","Yes","No","No",2003,10
"818","2019-03-06","1st District, Rockville","Yes","No","No","No","No",2011,3
"861","2014-05-05","3rd District, Silver Spring","Yes","No","No","No","No",2004,5
"872","2015-01-09","6th District, Gaithersburg / Montgomery Village","Yes","No","No","No","No",2014,1
"890","2016-07-27","4th District, Wheaton","Yes","No","No","No","No",2004,7
"961","2016-03-31","4th District, Wheaton","Yes","Yes","No","No","No",2000,3
"994","2019-02-15","6th District, Gaithersburg / Montgomery Village","Yes","No","No","No","No",2000,2
"1044","2015-01-16","1st District, Rockville","Yes","Yes","No","No","No",2013,1
"1058","2016-05-21","3rd District, Silver Spring","Yes","No","Yes","No","No",2006,5
"1067","2014-09-17","4th District, Wheaton","Yes","No","Yes","No","No",1996,9
"1149","2017-04-22","4th District, Wheaton","Yes","No","No","No","No",2017,4
"1233","2018-03-31","2nd District, Bethesda","Yes","No","Yes","No","No",1998,3
"1237","2018-02-23","3rd District, Silver Spring","Yes","No","No","No","No",2004,2
"1266","2018-03-30","4th District, Wheaton","Yes","Yes","No","No","No",2003,3
"1331","2017-04-26","3rd District, Silver Spring","Yes","No","No","No","No",2003,4
"1345","2018-11-11","4th District, Wheaton","Yes","Yes","No","No","No",2009,11
"1412","2015-02-22","3rd District, Silver Spring","Yes","No","Yes","No","No",2003,2
"1419","2018-11-18","3rd District, Silver Spring","Yes","No","No","No","No",2016,11
"1447","2019-06-18","4th District, Wheaton","Yes","No","No","No","No",2013,6
"1453","2013-06-03","5th District, Germantown","Yes","No","No","No","No",2001,6
"1479","2012-08-03","6th District, Gaithersburg / Montgomery Village","Yes","No","No","No","No",1995,8
"1482","2016-09-21","4th District, Wheaton","Yes","Yes","No","No","No",1999,9
"1548","2019-01-02","6th District, Gaithersburg / Montgomery Village","Yes","No","No","No","No",2006,1
"1626","2017-09-21","4th District, Wheaton","Yes","Yes","No","No","No",2002,9
"1642","2012-11-11","5th District, Germantown","Yes","Yes","No","No","No",2008,11
"1667","2019-03-07","1st District, Rockville","Yes","Yes","No","No","No",2017,3
"1749","2015-10-12","5th District, Germantown","Yes","Yes","No","No","No",2007,10
"1828","2016-11-29","3rd District, Silver Spring","Yes","Yes","No","No","No",2008,11
"1884","2015-07-20","5th District, Germantown","Yes","No","Yes","No","No",2009,7
"1889","2016-10-10","1st District, Rockville","Yes","No","No","No","No",2012,10
"1945","2017-03-09","4th District, Wheaton","Yes","No","Yes","No","No",2007,3
"1959","2012-11-06","1st District, Rockville","Yes","No","Yes","No","No",1998,11
"2067","2012-10-15","6th District, Gaithersburg / Montgomery Village","Yes","No","No","No","No",1998,10
"2122","2018-11-27","2nd District, Bethesda","Yes","No","No","No","No",2014,11
"2201","2017-12-05","1st District, Rockville","Yes","No","Yes","No","No",2013,12
"2301","2012-10-02","5th District, Germantown","Yes","Yes","No","No","No",2006,10
"2313","2013-09-12","4th District, Wheaton","Yes","No","Yes","No","No",1999,9
"2314","2017-07-24","4th District, Wheaton","Yes","Yes","No","No","No",2005,7
"2327","2017-02-06","2nd District, Bethesda","Yes","Yes","No","No","No",2008,2
"2365","2018-06-19","4th District, Wheaton","Yes","No","No","No","No",2003,6
"2389","2017-04-25","1st District, Rockville","Yes","Yes","No","No","No",1988,4
"2417","2015-04-13","2nd District, Bethesda","Yes","No","No","No","No",2004,4
"2432","2014-10-30","2nd District, Bethesda","Yes","No","Yes","No","No",2003,10
"2535","2014-01-28","3rd District, Silver Spring","Yes","No","No","No","No",2013,1
"2629","2015-12-02","4th District, Wheaton","Yes","No","No","No","No",1999,12
"2633","2012-02-15","5th District, Germantown","Yes","Yes","No","No","No",2008,2
"2663","2012-04-03","4th District, Wheaton","Yes","No","Yes","No","No",2008,4
"2717","2013-04-22","6th District, Gaithersburg / Montgomery Village","Yes","Yes","No","No","No",2004,4
"2734","2012-10-12","6th District, Gaithersburg / Montgomery Village","Yes","No","No","No","No",2009,10
"2799","2016-07-23","2nd District, Bethesda","Yes","No","Yes","No","No",2001,7
"2802","2013-07-29","5th District, Germantown","Yes","Yes","No","No","No",2006,7
"2811","2018-06-25","5th District, Germantown","Yes","No","Yes","No","No",2004,6
"2818","2015-11-28","3rd District, Silver Spring","Yes","Yes","No","No","No",2014,11
"2868","2016-12-04","4th District, Wheaton","Yes","No","Yes","No","No",2000,12
"2928","2016-06-11","2nd District, Bethesda","Yes","No","Yes","No","No",2014,6
"2988","2014-06-16","4th District, Wheaton","Yes","Yes","No","No","No",1999,6
"3032","2018-04-21","2nd District, Bethesda","Yes","No","No","No","No",2010,4
"3135","2016-11-09","4th District, Wheaton","Yes","Yes","No","No","No",2002,11
"3194","2019-01-17","2nd District, Bethesda","Yes","No","Yes","No","No",2010,1
"3243","2012-05-23","6th District, Gaithersburg / Montgomery Village","Yes","No","No","No","No",1997,5
"3282","2016-06-08","1st District, Rockville","Yes","Yes","No","No","No",2015,6
"3297","2019-01-08","2nd District, Bethesda","Yes","No","No","No","No",2017,1
"3303","2017-09-07","4th District, Wheaton","Yes","No","Yes","No","No",1997,9
"3338","2019-04-14","4th District, Wheaton","Yes","No","No","No","No",2015,4
"3346","2017-08-12","6th District, Gaithersburg / Montgomery Village","Yes","No","Yes","No","No",2002,8
"3355","2018-07-12","3rd District, Silver Spring","Yes","No","No","No","No",2016,7
"3388","2017-12-14","3rd District, Silver Spring","Yes","No","Yes","No","No",2015,12
"3465","2014-08-22","6th District, Gaithersburg / Montgomery Village","Yes","No","No","No","No",1990,8
"3487","2017-12-08","4th District, Wheaton","Yes","Yes","No","No","No",2006,12
"3510","2019-05-22","4th District, Wheaton","Yes","No","No","No","No",2016,5
"3514","2013-09-28","6th District, Gaithersburg / Montgomery Village","Yes","No","No","No","No",1999,9
"3532","2015-07-30","4th District, Wheaton","Yes","Yes","No","No","No",1993,7
"3608","2013-03-21","4th District, Wheaton","Yes","No","No","No","No",2002,3
"3647","2012-08-04","4th District, Wheaton","Yes","No","No","No","No",1999,8
"3650","2013-05-07","2nd District, Bethesda","Yes","No","Yes","No","No",1995,5
"3696","2014-05-25","6th District, Gaithersburg / Montgomery Village","Yes","No","Yes","No","No",1994,5
"3718","2017-12-27","6th District, Gaithersburg / Montgomery Village","Yes","No","No","No","No",2007,12
"3751","2014-02-18","6th District, Gaithersburg / Montgomery Village","Yes","No","No","No","No",2003,2
"3773","2019-03-19","5th District, Germantown","Yes","No","Yes","No","No",2011,3
"3793","2012-12-16","2nd District, Bethesda","Yes","No","Yes","No","No",1996,12
"3838","2015-07-12","5th District, Germantown","Yes","No","No","No","No",1993,7
"3870","2012-04-08","4th District, Wheaton","Yes","No","No","No","No",2004,4
"3943","2012-12-31","4th District, Wheaton","Yes","Yes","No","No","No",2010,12
"3992","2016-03-08","3rd District, Silver Spring","Yes","Yes","No","No","No",2007,3
"4021","2018-11-21","6th District, Gaithersburg / Montgomery Village","Yes","No","No","No","No",2008,11
"4031","2014-12-22","4th District, Wheaton","Yes","Yes","No","No","No",2007,12
"4041","2012-02-15","5th District, Germantown","Yes","Yes","No","No","No",2008,2
"4196","2017-07-03","4th District, Wheaton","Yes","No","Yes","No","No",2005,7
"4288","2012-08-23","1st District, Rockville","Yes","Yes","No","No","No",2006,8
"4330","2014-07-29","3rd District, Silver Spring","Yes","Yes","No","No","No",2008,7
"4374","2017-06-05","4th District, Wheaton","Yes","No","No","No","No",2004,6
"4509","2015-11-08","4th District, Wheaton","Yes","No","Yes","No","No",1998,11
"4514","2013-05-16","3rd District, Silver Spring","Yes","No","No","No","No",2000,5
"4641","2013-04-06","4th District, Wheaton","Yes","No","No","No","No",1998,4
"4650","2016-11-04","4th District, Wheaton","Yes","No","Yes","No","No",2005,11
"4695","2017-09-13","1st District, Rockville","Yes","Yes","No","No","No",2008,9
"4721","2018-11-08","2nd District, Bethesda","Yes","No","No","No","No",2014,11
"4818","2015-11-03","4th District, Wheaton","Yes","Yes","No","No","No",2002,11
"5010","2018-09-07","6th District, Gaithersburg / Montgomery Village","Yes","Yes","No","No","No",2014,9
"5075","2015-02-01","4th District, Wheaton","Yes","No","Yes","No","No",2012,2
"5117","2016-10-19","3rd District, Silver Spring","Yes","No","Yes","No","No",2007,10
"5118","2014-05-01","4th District, Wheaton","Yes","No","No","No","No",2007,5
"5173","2016-01-10","4th District, Wheaton","Yes","No","No","No","No",2006,1
"5309","2019-06-12","4th District, Wheaton","Yes","No","No","No","No",2009,6
"5329","2018-06-30","3rd District, Silver Spring","Yes","No","No","No","No",2014,6
"5346","2018-01-06","2nd District, Bethesda","Yes","No","No","No","No",2010,1
"5358","2018-12-02","4th District, Wheaton","Yes","No","Yes","No","No",1999,12
"5431","2016-06-17","4th District, Wheaton","Yes","No","No","No","No",2012,6
"5440","2016-01-11","4th District, Wheaton","Yes","No","Yes","No","No",2008,1
"5457","2013-05-12","1st District, Rockville","Yes","No","Yes","No","No",1999,5
"5554","2013-07-10","2nd District, Bethesda","Yes","No","Yes","No","No",2003,7
"5590","2015-05-07","6th District, Gaithersburg / Montgomery Village","Yes","No","Yes","No","No",2008,5
"5593","2017-12-03","4th District, Wheaton","Yes","No","Yes","No","No",2013,12
"5616","2018-11-07","1st District, Rockville","Yes","Yes","No","No","No",2016,11
"5665","2014-03-28","5th District, Germantown","Yes","No","Yes","No","No",2006,3
"5829","2016-09-26","3rd District, Silver Spring","Yes","No","Yes","No","No",2010,9
"5847","2017-05-19","4th District, Wheaton","Yes","No","No","No","No",2001,5
"5945","2016-11-25","3rd District, Silver Spring","Yes","No","No","No","No",2009,11
"6062","2017-07-06","5th District, Germantown","Yes","No","No","No","No",2007,7
"6072","2017-07-24","3rd District, Silver Spring","Yes","No","No","No","No",1999,7
"6103","2012-09-12","5th District, Germantown","Yes","No","Yes","No","No",1982,9
"6124","2018-12-19","1st District, Rockville","Yes","No","No","No","No",2008,12
"6166","2016-10-28","6th District, Gaithersburg / Montgomery Village","Yes","No","No","No","No",2008,10
"6237","2019-07-16","1st District, Rockville","Yes","Yes","No","No","No",2017,7
"6304","2016-09-16","6th District, Gaithersburg / Montgomery Village","Yes","No","No","No","No",1999,9
"6418","2012-08-28","3rd District, Silver Spring","Yes","Yes","No","No","No",2002,8
"6478","2013-03-31","4th District, Wheaton","Yes","No","Yes","No","No",2009,3
"6524","2013-04-17","3rd District, Silver Spring","Yes","No","Yes","No","No",2000,4
"6533","2015-12-11","4th District, Wheaton","Yes","No","No","No","No",2009,12
"6679","2013-10-21","5th District, Germantown","Yes","Yes","No","No","No",2004,10
"6744","2018-06-30","3rd District, Silver Spring","Yes","No","No","No","No",2014,6
"6760","2015-10-16","6th District, Gaithersburg / Montgomery Village","Yes","No","No","No","No",1999,10
"6908","2014-09-19","5th District, Germantown","Yes","No","No","No","No",2013,9
"6931","2014-10-19","6th District, Gaithersburg / Montgomery Village","Yes","Yes","No","No","No",2008,10
"7020","2018-10-10","1st District, Rockville","Yes","Yes","No","No","No",2014,10
"7033","2018-06-03","2nd District, Bethesda","Yes","No","No","No","No",2006,6
"7036","2016-05-22","2nd District, Bethesda","Yes","No","No","No","No",2003,5
"7037","2019-01-02","4th District, Wheaton","Yes","No","Yes","No","No",2000,1
"7093","2012-12-08","2nd District, Bethesda","Yes","No","Yes","No","No",2011,12
"7123","2013-09-11","1st District, Rockville","Yes","Yes","No","No","No",2010,9
"7227","2012-10-15","6th District, Gaithersburg / Montgomery Village","Yes","No","No","No","No",1998,10
"7276","2018-01-10","2nd District, Bethesda","Yes","No","No","No","No",2016,1
"7277","2019-02-27","5th District, Germantown","Yes","Yes","No","No","No",2006,2
"7280","2018-09-18","2nd District, Bethesda","Yes","No","Yes","No","No",2018,9
"7314","2015-11-27","6th District, Gaithersburg / Montgomery Village","Yes","Yes","No","No","No",1999,11
"7337","2019-02-05","2nd District, Bethesda","Yes","No","No","No","No",2014,2
"7403","2016-10-17","4th District, Wheaton","Yes","Yes","No","No","No",2013,10
"7420","2012-03-13","2nd District, Bethesda","Yes","No","Yes","No","No",2001,3
"7424","2017-01-27","3rd District, Silver Spring","Yes","No","No","No","No",2007,1
"7506","2018-02-28","4th District, Wheaton","Yes","No","Yes","No","No",2005,2
"7598","2015-11-17","2nd District, Bethesda","Yes","Yes","No","No","No",2007,11
"7838","2016-01-08","4th District, Wheaton","Yes","No","No","No","No",2003,1
"7891","2018-07-16","4th District, Wheaton","Yes","No","Yes","No","No",2012,7
"7944","2013-06-14","1st District, Rockville","Yes","Yes","No","No","No",1997,6
"8015","2017-02-18","4th District, Wheaton","Yes","No","Yes","No","No",2012,2
"8023","2012-10-16","2nd District, Bethesda","Yes","Yes","No","No","No",2012,10
"8084","2016-06-19","3rd District, Silver Spring","Yes","No","No","No","No",2007,6
"8104","2019-01-07","4th District, Wheaton","Yes","No","No","No","No",1994,1
"8110","2019-06-26","3rd District, Silver Spring","Yes","No","Yes","No","No",2013,6
"8122","2018-04-17","3rd District, Silver Spring","Yes","No","Yes","No","No",1999,4
"8161","2013-08-08","4th District, Wheaton","Yes","Yes","No","No","No",2008,8
"8235","2017-02-15","3rd District, Silver Spring","Yes","Yes","No","No","No",2004,2
"8239","2017-12-11","6th District, Gaithersburg / Montgomery Village","Yes","Yes","No","No","No",2002,12
"8255","2016-10-23","2nd District, Bethesda","Yes","No","Yes","No","No",2015,10
"8299","2017-10-05","2nd District, Bethesda","Yes","No","Yes","No","No",2016,10
"8309","2015-03-24","5th District, Germantown","Yes","No","Yes","No","No",2013,3
"8362","2014-04-29","3rd District, Silver Spring","Yes","Yes","No","No","No",2006,4
"8399","2017-11-04","4th District, Wheaton","Yes","No","No","No","No",2016,11
"8580","2013-05-01","5th District, Germantown","Yes","No","No","No","No",2002,5
"8682","2014-10-04","Headquarters and Special Operations","Yes","No","No","No","No",2004,10
"8763","2016-12-22","4th District, Wheaton","Yes","No","Yes","No","No",2007,12
"8782","2019-06-07","3rd District, Silver Spring","Yes","No","Yes","No","No",2018,6
"8792","2017-01-11","4th District, Wheaton","Yes","No","Yes","No","No",2012,1
"8828","2015-11-27","4th District, Wheaton","Yes","Yes","No","No","No",2006,11
"8840","2012-07-20","4th District, Wheaton","Yes","Yes","No","No","No",2003,7
"8859","2014-09-12","6th District, Gaithersburg / Montgomery Village","Yes","No","No","No","No",2009,9
"8903","2016-12-07","6th District, Gaithersburg / Montgomery Village","Yes","No","Yes","No","No",2011,12
"8905","2014-10-27","4th District, Wheaton","Yes","No","No","No","No",2000,10
"8922","2017-07-07","2nd District, Bethesda","Yes","No","Yes","No","No",2004,7
"8973","2018-06-29","3rd District, Silver Spring","Yes","No","Yes","No","No",2003,6
"9004","2016-12-08","4th District, Wheaton","Yes","No","No","No","No",2007,12
"9039","2016-08-19","3rd District, Silver Spring","Yes","No","No","No","No",2008,8
"9040","2014-03-08","4th District, Wheaton","Yes","Yes","No","No","No",2006,3
"9047","2012-11-27","5th District, Germantown","Yes","No","Yes","No","No",1997,11
"9108","2015-02-11","2nd District, Bethesda","Yes","No","Yes","No","No",2011,2
"9111","2013-10-30","1st District, Rockville","Yes","No","No","No","No",1998,10
"9131","2018-10-22","4th District, Wheaton","Yes","Yes","No","No","No",2011,10
"9151","2017-09-21","5th District, Germantown","Yes","No","No","No","No",1999,9
"9217","2012-05-31","5th District, Germantown","Yes","No","Yes","No","No",2011,5
"9296","2014-12-25","4th District, Wheaton","Yes","No","No","No","No",2006,12
"9369","2017-09-20","6th District, Gaithersburg / Montgomery Village","Yes","Yes","No","No","No",1997,9
"9402","2016-10-13","1st District, Rockville","Yes","Yes","No","No","No",2005,10
"9422","2014-03-21","3rd District, Silver Spring","Yes","No","No","No","No",1999,3
"9432","2013-11-29","3rd District, Silver Spring","Yes","Yes","No","No","No",1991,11
"9452","2017-09-24","3rd District, Silver Spring","Yes","No","No","No","No",2014,9
"9458","2019-05-21","6th District, Gaithersburg / Montgomery Village","Yes","No","No","No","No",2013,5
"9481","2013-04-08","2nd District, Bethesda","Yes","No","No","No","No",2005,4
"9517","2014-11-30","3rd District, Silver Spring","Yes","No","No","No","No",2012,11
"9548","2016-05-30","1st District, Rockville","Yes","No","No","No","No",2007,5
"9557","2016-07-23","5th District, Germantown","Yes","No","No","No","No",2002,7
"9602","2017-02-01","2nd District, Bethesda","Yes","Yes","No","No","No",2003,2
"9617","2019-06-30","5th District, Germantown","Yes","No","No","No","No",2009,6
"9641","2012-02-01","5th District, Germantown","Yes","No","Yes","No","No",2010,2
"9754","2019-07-19","6th District, Gaithersburg / Montgomery Village","Yes","No","No","No","No",2018,7
"9770","2016-12-02","2nd District, Bethesda","Yes","No","Yes","No","No",2009,12
"9814","2016-01-30","4th District, Wheaton","Yes","No","Yes","No","No",2003,1
"9877","2016-06-08","3rd District, Silver Spring","Yes","No","No","No","No",2005,6
"9912","2012-03-06","6th District, Gaithersburg / Montgomery Village","Yes","No","No","No","No",2007,3
"9923","2014-12-30","1st District, Rockville","Yes","No","No","No","No",2003,12
"9991","2014-12-13","4th District, Wheaton","Yes","No","Yes","No","No",2011,12
"9999","2018-11-23","1st District, Rockville","Yes","No","Yes","No","No",2015,11
"10053","2013-06-19","2nd District, Bethesda","Yes","No","Yes","No","No",2002,6
"10100","2017-08-31","1st District, Rockville","Yes","No","No","No","No",2014,8
"10123","2018-08-03","4th District, Wheaton","Yes","No","No","No","No",2004,8
"10138","2014-12-22","2nd District, Bethesda","Yes","No","No","No","No",2012,12
"10166","2015-07-12","4th District, Wheaton","Yes","No","No","No","No",2003,7
"10167","2012-07-10","4th District, Wheaton","Yes","No","No","No","No",2007,7
"10202","2015-07-11","2nd District, Bethesda","Yes","Yes","No","No","No",2012,7
"10211","2013-06-04","6th District, Gaithersburg / Montgomery Village","Yes","No","No","No","No",2005,6
"10238","2014-02-15","4th District, Wheaton","Yes","Yes","No","No","No",2004,2
"10260","2015-06-22","2nd District, Bethesda","Yes","Yes","No","No","No",2014,6
"10468","2018-04-10","2nd District, Bethesda","Yes","No","No","No","No",2004,4
"10535","2016-11-15","2nd District, Bethesda","Yes","Yes","No","No","No",2001,11
"10576","2019-03-20","5th District, Germantown","Yes","No","Yes","No","No",2003,3
"10672","2017-01-19","3rd District, Silver Spring","Yes","No","No","No","No",2007,1
"10877","2013-06-28","2nd District, Bethesda","Yes","Yes","No","No","No",2011,6
"10880","2013-05-06","3rd District, Silver Spring","Yes","No","No","No","No",2002,5
"10908","2013-12-16","2nd District, Bethesda","Yes","No","No","No","No",1994,12
"10928","2018-04-26","1st District, Rockville","Yes","No","No","No","No",2006,4
"11050","2017-12-05","1st District, Rockville","Yes","No","Yes","No","No",2013,12
"11065","2018-11-17","2nd District, Bethesda","Yes","No","Yes","No","No",2004,11
"11209","2016-05-09","3rd District, Silver Spring","Yes","No","No","No","No",2009,5
"11223","2016-03-25","4th District, Wheaton","Yes","No","Yes","No","No",2004,3
"11314","2015-02-26","3rd District, Silver Spring","Yes","No","No","No","No",1997,2
"11342","2013-10-09","5th District, Germantown","Yes","No","Yes","No","No",2005,10
"11391","2018-08-13","5th District, Germantown","Yes","Yes","No","No","No",2017,8
"11400","2019-02-03","4th District, Wheaton","Yes","No","Yes","No","No",2019,2
"11417","2015-05-30","1st District, Rockville","Yes","No","No","No","No",2007,5
"11450","2014-09-03","4th District, Wheaton","Yes","Yes","No","No","No",2002,9
"11543","2018-10-11","5th District, Germantown","Yes","Yes","No","No","No",2017,10
"11553","2014-05-27","5th District, Germantown","Yes","No","No","No","No",2005,5
"11561","2017-03-29","2nd District, Bethesda","Yes","Yes","No","No","No",2013,3
"11562","2015-03-20","1st District, Rockville","Yes","No","Yes","No","No",2010,3
"11579","2017-12-15","2nd District, Bethesda","Yes","No","No","No","No",2017,12
"11631","2016-09-17","5th District, Germantown","Yes","No","No","No","No",1998,9
"11656","2015-05-20","1st District, Rockville","Yes","Yes","No","No","No",2005,5
"11737","2018-10-15","5th District, Germantown","Yes","Yes","No","No","No",2017,10
"11750","2018-12-21","4th District, Wheaton","Yes","No","Yes","No","No",2017,12
"11786","2017-12-05","1st District, Rockville","Yes","No","Yes","No","No",2013,12
"11790","2016-02-12","1st District, Rockville","Yes","No","No","No","No",2009,2
"11812","2019-01-02","4th District, Wheaton","Yes","Yes","No","No","No",2017,1
"11848","2017-10-12","3rd District, Silver Spring","Yes","No","No","No","No",2002,10
"11900","2014-05-06","2nd District, Bethesda","Yes","Yes","No","No","No",2007,5
"11928","2013-01-17","6th District, Gaithersburg / Montgomery Village","Yes","No","No","No","No",2009,1
"11929","2015-01-03","4th District, Wheaton","Yes","No","Yes","No","No",2010,1
"11933","2017-10-19","1st District, Rockville","Yes","Yes","No","No","No",2010,10
"11942","2012-10-31","4th District, Wheaton","Yes","No","No","No","No",1996,10
"12079","2012-01-18","4th District, Wheaton","Yes","No","Yes","No","No",2000,1
"12088","2018-02-18","3rd District, Silver Spring","Yes","Yes","No","No","No",2015,2
"12157","2017-07-25","6th District, Gaithersburg / Montgomery Village","Yes","Yes","No","No","No",2005,7
"12177","2019-03-12","4th District, Wheaton","Yes","No","Yes","No","No",2015,3
"12187","2013-12-04","4th District, Wheaton","Yes","No","No","No","No",2000,12
"12210","2014-07-08","2nd District, Bethesda","Yes","No","Yes","No","No",2007,7
"12293","2014-12-29","5th District, Germantown","Yes","Yes","No","No","No",2011,12
"12299","2012-05-06","4th District, Wheaton","Yes","No","No","No","No",2005,5
"12401","2012-05-17","4th District, Wheaton","Yes","Yes","No","No","No",1999,5
"12433","2016-05-24","4th District, Wheaton","Yes","No","No","No","No",2003,5
"12519","2013-07-23","5th District, Germantown","Yes","Yes","No","No","No",1997,7
"12535","2015-09-22","6th District, Gaithersburg / Montgomery Village","Yes","Yes","No","No","No",1999,9
"12640","2018-11-15","4th District, Wheaton","Yes","No","Yes","No","No",2010,11
"12647","2013-10-19","3rd District, Silver Spring","Yes","Yes","No","No","No",1990,10
"12661","2017-06-22","5th District, Germantown","Yes","Yes","No","No","No",2012,6
"12671","2017-05-05","6th District, Gaithersburg / Montgomery Village","Yes","No","No","No","No",2005,5
"12713","2016-02-20","1st District, Rockville","Yes","No","No","No","No",2011,2
"12750","2015-10-02","3rd District, Silver Spring","Yes","No","No","No","No",2005,10
"12757","2017-07-28","5th District, Germantown","Yes","No","No","No","No",2015,7
"12762","2017-02-16","4th District, Wheaton","Yes","Yes","No","No","No",2003,2
"12808","2017-02-14","4th District, Wheaton","Yes","Yes","No","No","No",2004,2
"12851","2019-02-01","3rd District, Silver Spring","Yes","Yes","No","No","No",1998,2
"12857","2016-05-06","2nd District, Bethesda","Yes","No","No","No","No",2005,5
"12907","2016-08-01","1st District, Rockville","Yes","No","No","No","No",2012,8
"12910","2019-03-26","4th District, Wheaton","Yes","Yes","No","No","No",2016,3
"12920","2017-06-08","5th District, Germantown","Yes","No","Yes","No","No",2016,6
"12932","2019-04-26","1st District, Rockville","Yes","No","No","No","No",2018,4
"12964","2016-05-03","2nd District, Bethesda","Yes","No","No","No","No",2016,5
"13024","2019-01-30","1st District, Rockville","Yes","No","No","No","No",2013,1
"13032","2019-06-30","1st District, Rockville","Yes","No","No","No","No",2016,6
"13063","2017-11-27","2nd District, Bethesda","Yes","No","Yes","No","No",2013,11
"13094","2016-02-10","6th District, Gaithersburg / Montgomery Village","Yes","No","No","No","No",2006,2
"13136","2018-03-03","4th District, Wheaton","Yes","Yes","No","No","No",2016,3
"13163","2015-07-08","4th District, Wheaton","Yes","No","Yes","No","No",2010,7
"13179","2018-09-26","4th District, Wheaton","Yes","No","Yes","No","No",2015,9
"13212","2013-04-24","2nd District, Bethesda","Yes","No","Yes","No","No",2004,4
"13307","2017-05-21","1st District, Rockville","Yes","Yes","No","No","No",2014,5
"13351","2015-04-22","2nd District, Bethesda","Yes","No","No","No","No",2013,4
"13454","2012-05-18","4th District, Wheaton","Yes","No","No","No","No",2010,5
"13488","2016-12-06","4th District, Wheaton","Yes","Yes","No","No","No",2005,12
"13524","2015-01-15","6th District, Gaithersburg / Montgomery Village","Yes","No","No","No","No",2008,1
"13579","2014-02-06","5th District, Germantown","Yes","No","Yes","No","No",2003,2
"13791","2015-08-10","3rd District, Silver Spring","Yes","Yes","No","No","No",2010,8
"13821","2014-09-11","1st District, Rockville","Yes","No","No","No","No",2014,9
"13840","2017-04-27","4th District, Wheaton","Yes","No","No","No","No",2006,4
"13909","2016-12-03","2nd District, Bethesda","Yes","No","Yes","No","No",2014,12
"14020","2015-06-20","5th District, Germantown","Yes","No","No","No","No",2012,6
"14072","2013-11-08","2nd District, Bethesda","Yes","No","Yes","No","No",1994,11
"14097","2012-01-19","6th District, Gaithersburg / Montgomery Village","Yes","Yes","No","No","No",1996,1
"14165","2018-07-24","4th District, Wheaton","Yes","No","Yes","No","No",2003,7
"14175","2018-08-19","4th District, Wheaton","Yes","No","No","No","No",2005,8
"14177","2018-08-05","4th District, Wheaton","Yes","No","No","No","No",2008,8
"14184","2016-06-27","1st District, Rockville","Yes","No","Yes","No","No",2007,6
"14337","2017-05-17","3rd District, Silver Spring","Yes","No","Yes","No","No",2015,5
"14408","2016-11-16","4th District, Wheaton","Yes","No","Yes","No","No",2014,11
"14419","2018-03-15","4th District, Wheaton","Yes","No","No","No","No",2017,3
"14423","2019-06-15","3rd District, Silver Spring","Yes","No","No","No","No",2008,6
"14498","2014-08-27","3rd District, Silver Spring","Yes","No","Yes","No","No",2005,8
"14566","2015-04-23","4th District, Wheaton","Yes","No","Yes","No","No",2005,4
"14570","2016-10-21","6th District, Gaithersburg / Montgomery Village","Yes","No","Yes","No","No",2005,10
"14599","2016-10-23","2nd District, Bethesda","Yes","Yes","No","No","No",2013,10
"14642","2018-06-17","4th District, Wheaton","Yes","Yes","No","No","No",2009,6
"14660","2014-12-05","2nd District, Bethesda","Yes","No","No","No","No",1996,12
"14671","2016-12-01","2nd District, Bethesda","Yes","No","Yes","No","No",2010,12
"14697","2015-10-11","3rd District, Silver Spring","Yes","No","Yes","No","No",2012,10
"14716","2015-05-16","4th District, Wheaton","Yes","No","Yes","No","No",2000,5
"14788","2014-01-16","4th District, Wheaton","Yes","No","Yes","No","No",2007,1
"14827","2017-04-27","4th District, Wheaton","Yes","No","No","No","No",2006,4
"14846","2018-10-08","6th District, Gaithersburg / Montgomery Village","Yes","No","Yes","No","No",2010,10
"14888","2016-01-06","1st District, Rockville","Yes","No","No","No","No",2015,1
"14966","2017-12-03","6th District, Gaithersburg / Montgomery Village","Yes","No","Yes","No","No",2002,12
"14975","2016-06-14","4th District, Wheaton","Yes","No","Yes","No","No",2010,6
"14989","2013-01-02","5th District, Germantown","Yes","Yes","No","No","No",2007,1
"15005","2013-09-09","2nd District, Bethesda","Yes","Yes","No","No","No",1999,9
"15011","2019-02-27","5th District, Germantown","Yes","No","Yes","No","No",2014,2
"15065","2019-07-17","2nd District, Bethesda","Yes","No","Yes","No","No",2018,7
"15069","2012-07-25","3rd District, Silver Spring","Yes","No","No","No","No",2002,7
"15146","2014-03-15","4th District, Wheaton","Yes","No","No","No","No",2006,3
"15155","2013-05-10","4th District, Wheaton","Yes","Yes","No","No","No",2000,5
"15195","2019-04-12","2nd District, Bethesda","Yes","No","Yes","No","No",2003,4
"15216","2013-07-27","4th District, Wheaton","Yes","Yes","No","No","No",1997,7
"15248","2017-08-07","4th District, Wheaton","Yes","Yes","No","No","No",2011,8
"15367","2015-07-23","2nd District, Bethesda","Yes","Yes","No","No","No",2014,7
"15386","2018-02-28","2nd District, Bethesda","Yes","No","No","No","No",2012,2
"15441","2013-01-25","6th District, Gaithersburg / Montgomery Village","Yes","No","No","No","No",2002,1
"15639","2019-06-07","1st District, Rockville","Yes","Yes","No","No","No",2005,6
"15648","2015-07-11","4th District, Wheaton","Yes","No","No","No","No",1999,7
"15682","2013-06-11","4th District, Wheaton","Yes","No","No","No","No",2003,6
"15688","2019-03-15","3rd District, Silver Spring","Yes","No","Yes","No","No",2015,3
"15723","2014-10-03","3rd District, Silver Spring","Yes","No","Yes","No","No",2012,10
"15781","2014-03-19","3rd District, Silver Spring","Yes","No","No","No","No",2007,3
"15845","2014-01-31","4th District, Wheaton","Yes","No","No","No","No",2001,1
"15853","2016-01-13","1st District, Rockville","Yes","Yes","No","No","No",1995,1
"15946","2019-07-09","4th District, Wheaton","Yes","No","No","No","No",2011,7
"16082","2012-03-13","4th District, Wheaton","Yes","No","No","No","No",1995,3
"16084","2013-07-07","4th District, Wheaton","Yes","No","No","No","No",2000,7
"16097","2015-01-02","1st District, Rockville","Yes","No","No","No","No",2013,1
"16115","2014-01-12","3rd District, Silver Spring","Yes","No","No","No","No",2002,1
"16121","2016-11-20","4th District, Wheaton","Yes","No","No","No","No",2005,11
"16198","2013-11-03","4th District, Wheaton","Yes","No","No","No","No",2013,11
"16247","2018-11-21","3rd District, Silver Spring","Yes","No","No","No","No",2007,11
"16270","2014-12-01","1st District, Rockville","Yes","Yes","No","No","No",2014,12
"16275","2012-07-01","4th District, Wheaton","Yes","Yes","No","No","No",1993,7
"16377","2016-05-30","3rd District, Silver Spring","Yes","No","No","No","No",2014,5
"16407","2015-06-22","3rd District, Silver Spring","Yes","No","No","No","No",2007,6
"16449","2014-11-20","3rd District, Silver Spring","Yes","No","Yes","No","No",1999,11
"16521","2014-04-09","4th District, Wheaton","Yes","No","No","No","No",2002,4
"16586","2017-07-02","2nd District, Bethesda","Yes","Yes","No","No","No",2003,7
"16602","2018-08-01","2nd District, Bethesda","Yes","Yes","No","No","No",2005,8
"16716","2013-04-08","4th District, Wheaton","Yes","No","Yes","No","No",2010,4
"16749","2015-11-02","6th District, Gaithersburg / Montgomery Village","Yes","Yes","No","No","No",2004,11
"16757","2015-11-08","3rd District, Silver Spring","Yes","No","No","No","No",2005,11
"16840","2018-08-26","3rd District, Silver Spring","Yes","No","Yes","No","No",2012,8
"16887","2019-02-24","6th District, Gaithersburg / Montgomery Village","Yes","Yes","No","No","No",2018,2
"16908","2017-04-15","2nd District, Bethesda","Yes","No","Yes","No","No",2007,4
"16910","2012-02-17","2nd District, Bethesda","Yes","Yes","No","No","No",1932,2
"16942","2018-01-09","4th District, Wheaton","Yes","No","Yes","No","No",2015,1
"16946","2017-04-21","5th District, Germantown","Yes","No","Yes","No","No",1989,4
"16956","2013-03-25","2nd District, Bethesda","Yes","No","No","No","No",1997,3
"17009","2018-04-07","2nd District, Bethesda","Yes","No","Yes","No","No",2011,4
"17073","2013-10-26","4th District, Wheaton","Yes","Yes","No","No","No",2000,10
"17240","2015-09-12","3rd District, Silver Spring","Yes","Yes","No","No","No",2009,9
"17255","2016-05-30","4th District, Wheaton","Yes","No","Yes","No","No",2000,5
"17376","2014-11-14","1st District, Rockville","Yes","No","Yes","No","No",2013,11
"17427","2017-06-14","4th District, Wheaton","Yes","No","Yes","No","No",2001,6
"17446","2015-09-11","2nd District, Bethesda","Yes","No","No","No","No",2002,9
"17556","2017-10-09","6th District, Gaithersburg / Montgomery Village","Yes","No","Yes","No","No",2016,10
"17595","2018-06-13","2nd District, Bethesda","Yes","Yes","No","No","No",2010,6
"17617","2013-02-10","2nd District, Bethesda","Yes","No","Yes","No","No",2004,2
"17633","2015-05-24","4th District, Wheaton","Yes","No","Yes","No","No",2000,5
"17643","2017-05-09","4th District, Wheaton","Yes","No","No","No","No",1997,5
"17685","2016-03-16","4th District, Wheaton","Yes","Yes","No","No","No",2007,3
"17692","2013-06-19","2nd District, Bethesda","Yes","No","Yes","No","No",2002,6
"17734","2014-08-14","4th District, Wheaton","Yes","No","No","No","No",2004,8
"17789","2013-01-19","6th District, Gaithersburg / Montgomery Village","Yes","No","No","No","No",2010,1
"17807","2016-09-14","2nd District, Bethesda","Yes","No","Yes","No","No",2009,9
"17869","2013-05-19","3rd District, Silver Spring","Yes","No","No","No","No",2006,5
"17919","2015-07-10","1st District, Rockville","Yes","No","No","No","No",2007,7
"17951","2018-03-22","3rd District, Silver Spring","Yes","No","No","No","No",2005,3
"18097","2015-07-15","6th District, Gaithersburg / Montgomery Village","Yes","Yes","No","No","No",2001,7
"18182","2014-06-07","4th District, Wheaton","Yes","No","Yes","No","No",2006,6
"18205","2018-08-20","3rd District, Silver Spring","Yes","No","No","No","No",2014,8
"18216","2016-07-18","6th District, Gaithersburg / Montgomery Village","Yes","No","Yes","No","No",2004,7
"18223","2016-12-08","5th District, Germantown","Yes","No","No","No","No",1999,12
"18249","2016-10-24","4th District, Wheaton","Yes","No","Yes","No","No",2008,10
"18305","2013-04-15","6th District, Gaithersburg / Montgomery Village","Yes","No","No","No","No",2004,4
"18466","2018-08-28","3rd District, Silver Spring","Yes","No","No","No","No",2014,8
"18496","2017-04-05","4th District, Wheaton","Yes","Yes","No","No","No",1997,4
"18509","2013-07-07","2nd District, Bethesda","Yes","No","Yes","No","No",2001,7
"18566","2017-07-14","4th District, Wheaton","Yes","No","No","No","No",2011,7
"18673","2017-10-05","4th District, Wheaton","Yes","Yes","No","No","No",2013,10
"18741","2014-08-10","4th District, Wheaton","Yes","No","Yes","No","No",2004,8
"18760","2014-02-09","6th District, Gaithersburg / Montgomery Village","Yes","No","Yes","No","No",2001,2
"18813","2015-03-24","2nd District, Bethesda","Yes","Yes","No","No","No",2010,3
"18853","2018-02-25","4th District, Wheaton","Yes","No","Yes","No","No",2003,2
"19006","2018-07-08","4th District, Wheaton","Yes","No","Yes","No","No",2010,7
"19122","2016-01-31","2nd District, Bethesda","Yes","No","Yes","No","No",2011,1
"19204","2017-08-29","1st District, Rockville","Yes","No","Yes","No","No",2013,8
"19295","2017-05-15","4th District, Wheaton","Yes","No","No","No","No",2002,5
"19355","2014-12-06","6th District, Gaithersburg / Montgomery Village","Yes","No","No","No","No",2004,12
"19372","2018-09-06","3rd District, Silver Spring","Yes","No","No","No","No",2011,9
"19424","2017-12-02","4th District, Wheaton","Yes","No","Yes","No","No",2006,12
"19483","2019-04-02","3rd District, Silver Spring","Yes","No","No","No","No",2014,4
"19524","2018-03-16","3rd District, Silver Spring","Yes","No","No","No","No",2004,3
"19557","2015-01-27","3rd District, Silver Spring","Yes","Yes","No","No","No",2005,1
"19612","2016-11-04","4th District, Wheaton","Yes","No","Yes","No","No",2005,11
"19753","2015-11-19","2nd District, Bethesda","Yes","Yes","No","No","No",2014,11
"19803","2012-08-03","2nd District, Bethesda","Yes","Yes","No","No","No",2003,8
"19835","2018-12-04","3rd District, Silver Spring","Yes","No","No","No","No",2014,12
"19914","2015-08-16","2nd District, Bethesda","Yes","No","No","No","No",2006,8
"19930","2016-12-27","6th District, Gaithersburg / Montgomery Village","Yes","No","No","No","No",2011,12
"19971","2017-01-01","3rd District, Silver Spring","Yes","No","No","No","No",2010,1
"20054","2017-01-03","5th District, Germantown","Yes","No","No","No","No",2015,1
"20065","2013-05-07","2nd District, Bethesda","Yes","No","Yes","No","No",1995,5
"20085","2016-08-21","3rd District, Silver Spring","Yes","No","Yes","No","No",2009,8
"20198","2015-02-01","4th District, Wheaton","Yes","No","Yes","No","No",2012,2
"20203","2014-05-04","4th District, Wheaton","Yes","No","Yes","No","No",1998,5
"20213","2017-08-16","2nd District, Bethesda","Yes","No","Yes","No","No",1997,8
"20221","2016-05-04","2nd District, Bethesda","Yes","No","Yes","No","No",1999,5
"20223","2018-05-15","4th District, Wheaton","Yes","No","No","No","No",2013,5
"20250","2013-05-14","6th District, Gaithersburg / Montgomery Village","Yes","No","No","No","No",2011,5
"20303","2013-08-06","2nd District, Bethesda","Yes","No","Yes","No","No",1995,8
"20342","2013-06-20","5th District, Germantown","Yes","No","Yes","No","No",1996,6
"20389","2017-09-20","2nd District, Bethesda","Yes","Yes","No","No","No",2014,9
"20430","2012-07-03","5th District, Germantown","Yes","No","No","No","No",2003,7
"20451","2016-04-04","1st District, Rockville","Yes","No","Yes","No","No",1995,4
"20594","2016-10-13","3rd District, Silver Spring","Yes","No","No","No","No",2004,10
"20613","2013-11-02","2nd District, Bethesda","Yes","No","No","No","No",2009,11
"20680","2016-04-28","2nd District, Bethesda","Yes","No","Yes","No","No",2007,4
"20709","2012-12-27","6th District, Gaithersburg / Montgomery Village","Yes","No","No","No","No",2003,12
"20818","2015-09-06","1st District, Rockville","Yes","No","Yes","No","No",2001,9
"20845","2014-06-18","2nd District, Bethesda","Yes","No","Yes","No","No",2005,6
"20849","2015-03-07","4th District, Wheaton","Yes","No","Yes","No","No",2008,3
"20860","2012-11-30","1st District, Rockville","Yes","No","Yes","No","No",2012,11
"21038","2017-01-15","4th District, Wheaton","Yes","No","Yes","No","No",2012,1
"21127","2018-08-15","1st District, Rockville","Yes","No","No","No","No",2013,8
"21128","2016-11-03","3rd District, Silver Spring","Yes","Yes","No","No","No",2004,11
"21141","2015-01-16","6th District, Gaithersburg / Montgomery Village","Yes","Yes","No","No","No",2001,1
"21159","2012-09-18","4th District, Wheaton","Yes","No","No","No","No",2000,9
"21171","2013-11-01","5th District, Germantown","Yes","No","Yes","No","No",2003,11
"21175","2018-01-03","1st District, Rockville","Yes","No","Yes","No","No",2005,1
"21181","2017-09-01","4th District, Wheaton","Yes","Yes","No","No","No",2012,9
"21209","2015-07-12","3rd District, Silver Spring","Yes","No","No","No","No",2011,7
"21235","2017-05-17","2nd District, Bethesda","Yes","No","Yes","No","No",2015,5
"21318","2018-01-04","2nd District, Bethesda","Yes","No","No","No","No",1997,1
"21384","2016-02-14","3rd District, Silver Spring","Yes","No","No","No","No",1992,2
"21386","2014-05-04","4th District, Wheaton","Yes","No","Yes","No","No",1998,5
"21392","2016-10-15","4th District, Wheaton","Yes","No","Yes","No","No",1991,10
"21398","2016-12-16","4th District, Wheaton","Yes","No","Yes","No","No",2007,12
"21470","2013-04-04","4th District, Wheaton","Yes","No","No","No","No",2011,4
"21552","2012-05-06","4th District, Wheaton","Yes","No","No","No","No",2001,5
"21626","2017-05-28","6th District, Gaithersburg / Montgomery Village","Yes","No","No","No","No",2012,5
"21666","2016-01-28","6th District, Gaithersburg / Montgomery Village","Yes","No","Yes","No","No",2007,1
"21728","2017-07-03","1st District, Rockville","Yes","No","No","No","No",2016,7
"21746","2016-12-21","2nd District, Bethesda","Yes","Yes","No","No","No",2007,12
"21816","2019-01-20","2nd District, Bethesda","Yes","No","No","No","No",2007,1
"21835","2016-10-15","4th District, Wheaton","Yes","No","Yes","No","No",1991,10
"22028","2018-02-25","4th District, Wheaton","Yes","No","No","No","No",2017,2
"22083","2012-05-29","4th District, Wheaton","Yes","Yes","No","No","No",2009,5
"22104","2015-05-16","4th District, Wheaton","Yes","No","Yes","No","No",2000,5
"22116","2016-08-25","4th District, Wheaton","Yes","No","No","No","No",2009,8
"22139","2019-01-04","4th District, Wheaton","Yes","No","Yes","No","No",2005,1
"22160","2013-09-04","1st District, Rockville","Yes","No","No","No","No",2003,9
"22187","2018-11-20","2nd District, Bethesda","Yes","No","Yes","No","No",2001,11
"22189","2013-06-17","3rd District, Silver Spring","Yes","No","Yes","No","No",2012,6
"22197","2014-11-14","4th District, Wheaton","Yes","No","No","No","No",2001,11
"22227","2012-12-09","4th District, Wheaton","Yes","Yes","No","No","No",2004,12
"22294","2013-05-21","6th District, Gaithersburg / Montgomery Village","Yes","Yes","No","No","No",2005,5
"22357","2013-12-20","6th District, Gaithersburg / Montgomery Village","Yes","No","No","No","No",1994,12
"22404","2016-04-10","4th District, Wheaton","Yes","Yes","No","No","No",2001,4
"22429","2016-08-07","2nd District, Bethesda","Yes","Yes","No","No","No",2013,8
"22438","2013-05-03","2nd District, Bethesda","Yes","No","No","No","No",2011,5
"22449","2012-08-04","4th District, Wheaton","Yes","No","No","No","No",1999,8
"22483","2017-02-06","3rd District, Silver Spring","Yes","No","Yes","No","No",2004,2
"22535","2014-08-13","5th District, Germantown","Yes","No","No","No","No",2014,8
"22565","2012-01-06","2nd District, Bethesda","Yes","Yes","No","No","No",2000,1
"22567","2019-04-19","2nd District, Bethesda","Yes","No","Yes","No","No",2012,4
"22627","2012-06-17","2nd District, Bethesda","Yes","No","No","No","No",2005,6
"22642","2012-12-11","2nd District, Bethesda","Yes","Yes","No","No","No",2000,12
"22669","2018-02-26","2nd District, Bethesda","Yes","No","No","No","No",2006,2
"22696","2018-03-07","4th District, Wheaton","Yes","No","No","No","No",2005,3
"22715","2017-03-25","4th District, Wheaton","Yes","No","No","No","No",1992,3
"22734","2012-12-24","5th District, Germantown","Yes","No","No","No","No",2002,12
"22747","2019-04-14","4th District, Wheaton","Yes","No","Yes","No","No",2003,4
"22839","2019-06-21","4th District, Wheaton","Yes","No","No","No","No",2012,6
"22876","2016-11-29","5th District, Germantown","Yes","No","No","No","No",2005,11
"22890","2016-04-07","1st District, Rockville","Yes","No","No","No","No",2009,4
"22963","2012-12-29","4th District, Wheaton","Yes","Yes","No","No","No",2002,12
"23033","2015-01-27","4th District, Wheaton","Yes","No","No","No","No",2011,1
"23049","2012-09-02","3rd District, Silver Spring","Yes","No","No","No","No",2001,9
"23113","2015-05-12","3rd District, Silver Spring","Yes","No","No","No","No",2000,5
"23119","2012-09-15","3rd District, Silver Spring","Yes","No","No","No","No",1996,9
"23123","2014-10-28","4th District, Wheaton","Yes","No","Yes","No","No",2009,10
"23137","2019-04-15","2nd District, Bethesda","Yes","No","No","No","No",2008,4
"23168","2012-06-03","4th District, Wheaton","Yes","No","Yes","No","No",2003,6
"23228","2014-04-10","3rd District, Silver Spring","Yes","No","No","No","No",2013,4
"23260","2017-04-18","5th District, Germantown","Yes","No","No","No","No",2015,4
"23261","2017-08-31","2nd District, Bethesda","Yes","No","Yes","No","No",2010,8
"23348","2015-08-06","2nd District, Bethesda","Yes","No","Yes","No","No",1998,8
"23352","2016-11-23","5th District, Germantown","Yes","No","No","No","No",2005,11
"23484","2014-02-10","5th District, Germantown","Yes","No","Yes","No","No",2010,2
"23488","2014-09-11","2nd District, Bethesda","Yes","No","No","No","No",2014,9
"23526","2018-06-19","4th District, Wheaton","Yes","No","No","No","No",2003,6
"23594","2016-02-19","3rd District, Silver Spring","Yes","Yes","No","No","No",2004,2
"23607","2013-05-14","6th District, Gaithersburg / Montgomery Village","Yes","No","No","No","No",2005,5
"23670","2019-07-04","4th District, Wheaton","Yes","No","Yes","No","No",2010,7
"23678","2016-01-16","4th District, Wheaton","Yes","Yes","No","No","No",2006,1
"23680","2017-01-08","2nd District, Bethesda","Yes","No","Yes","No","No",2006,1
"23792","2018-09-09","2nd District, Bethesda","Yes","No","No","No","No",2013,9
"23826","2017-11-30","4th District, Wheaton","Yes","No","No","No","No",2003,11
"23957","2013-06-09","3rd District, Silver Spring","Yes","Yes","No","No","No",1992,6
"23991","2018-06-19","2nd District, Bethesda","Yes","No","No","No","No",2017,6
"24142","2018-10-27","4th District, Wheaton","Yes","No","Yes","No","No",2008,10
"24176","2019-07-10","6th District, Gaithersburg / Montgomery Village","Yes","No","No","No","No",2004,7
"24187","2019-02-16","4th District, Wheaton","Yes","No","No","No","No",2001,2
"24289","2017-12-17","6th District, Gaithersburg / Montgomery Village","Yes","No","Yes","No","Yes",2016,12
"24303","2019-01-01","2nd District, Bethesda","Yes","Yes","No","No","No",2013,1
"24405","2012-11-05","4th District, Wheaton","Yes","Yes","No","No","No",1999,11
"24505","2017-11-06","4th District, Wheaton","Yes","No","Yes","No","No",2004,11
"24521","2015-09-09","2nd District, Bethesda","Yes","No","Yes","No","No",2014,9
"24627","2017-10-12","2nd District, Bethesda","Yes","No","No","No","No",2015,10
"24633","2018-10-26","4th District, Wheaton","Yes","No","Yes","No","No",2017,10
"24641","2016-08-13","4th District, Wheaton","Yes","No","No","No","No",2015,8
"24779","2018-07-13","2nd District, Bethesda","Yes","No","No","No","No",2014,7
"24906","2016-07-18","4th District, Wheaton","Yes","No","Yes","No","No",1991,7
"25047","2015-04-14","2nd District, Bethesda","Yes","Yes","No","No","No",2000,4
"25129","2013-08-03","6th District, Gaithersburg / Montgomery Village","Yes","Yes","No","No","No",2021,8
"25162","2018-02-28","3rd District, Silver Spring","Yes","No","Yes","No","No",2017,2
"25178","2012-08-19","6th District, Gaithersburg / Montgomery Village","Yes","No","No","No","No",2000,8
"25204","2013-12-04","5th District, Germantown","Yes","Yes","No","No","No",2008,12
"25239","2018-08-03","3rd District, Silver Spring","Yes","No","No","No","No",1998,8
"25258","2016-07-23","4th District, Wheaton","Yes","No","Yes","No","No",2013,7
"25276","2014-08-08","3rd District, Silver Spring","Yes","No","No","No","No",2001,8
"25303","2012-02-15","1st District, Rockville","Yes","Yes","No","No","No",1988,2
"25352","2015-11-10","3rd District, Silver Spring","Yes","No","Yes","No","No",2008,11
"25392","2018-03-04","2nd District, Bethesda","Yes","No","No","No","No",2016,3
"25437","2017-12-05","2nd District, Bethesda","Yes","No","No","No","No",2013,12
"25467","2017-09-07","3rd District, Silver Spring","Yes","Yes","No","No","No",2016,9
"25493","2015-05-09","6th District, Gaithersburg / Montgomery Village","Yes","No","No","No","No",2007,5
"25506","2015-09-13","4th District, Wheaton","Yes","Yes","No","No","No",2015,9
"25508","2019-02-16","4th District, Wheaton","Yes","No","No","No","No",2001,2
"25686","2014-02-02","4th District, Wheaton","Yes","Yes","No","No","No",2006,2
"25758","2016-08-28","1st District, Rockville","Yes","No","Yes","No","No",2016,8
"26070","2015-05-29","4th District, Wheaton","Yes","No","No","No","No",2011,5
"26082","2017-08-08","3rd District, Silver Spring","Yes","Yes","No","No","No",2012,8
"26084","2014-06-16","2nd District, Bethesda","Yes","No","Yes","No","No",2011,6
"26122","2016-08-15","4th District, Wheaton","Yes","No","Yes","No","No",2015,8
"26167","2015-10-09","6th District, Gaithersburg / Montgomery Village","Yes","No","No","No","No",1997,10
"26197","2019-03-10","2nd District, Bethesda","Yes","No","Yes","No","No",2004,3
"26281","2014-11-21","2nd District, Bethesda","Yes","Yes","No","No","No",2011,11
"26323","2015-08-21","1st District, Rockville","Yes","Yes","No","No","No",2015,8
"26488","2015-10-23","4th District, Wheaton","Yes","No","No","No","No",2001,10
"26512","2015-07-28","4th District, Wheaton","Yes","No","No","No","No",2005,7
"26540","2013-11-29","3rd District, Silver Spring","Yes","Yes","No","No","No",1999,11
"26552","2017-09-30","3rd District, Silver Spring","Yes","No","Yes","No","No",2001,9
"26584","2017-01-19","4th District, Wheaton","Yes","No","Yes","No","No",2003,1
"26774","2016-12-12","4th District, Wheaton","Yes","No","Yes","No","No",1999,12
"26799","2018-05-19","Headquarters and Special Operations","Yes","No","No","Yes","No",2012,5
"26860","2017-07-03","2nd District, Bethesda","Yes","No","No","No","No",2001,7
"26877","2014-07-13","4th District, Wheaton","Yes","No","No","No","No",2003,7
"26954","2019-03-18","4th District, Wheaton","Yes","No","No","No","No",2015,3
"26973","2014-03-24","4th District, Wheaton","Yes","Yes","No","No","No",2007,3
"26974","2016-05-21","3rd District, Silver Spring","Yes","No","Yes","No","No",2006,5
"27006","2012-02-23","4th District, Wheaton","Yes","No","Yes","No","No",2006,2
"27073","2017-10-12","1st District, Rockville","Yes","Yes","No","No","No",2005,10
"27090","2016-12-23","4th District, Wheaton","Yes","No","Yes","No","No",2003,12
"27092","2017-02-11","3rd District, Silver Spring","Yes","No","No","No","No",2006,2
"27131","2018-04-02","6th District, Gaithersburg / Montgomery Village","Yes","No","No","No","No",1998,4
"27187","2017-04-18","1st District, Rockville","Yes","No","No","No","No",2003,4
"27271","2018-01-08","4th District, Wheaton","Yes","Yes","No","No","No",1999,1
"27357","2018-06-01","2nd District, Bethesda","Yes","No","No","No","No",2003,6
"27417","2019-06-22","3rd District, Silver Spring","Yes","No","No","No","No",2012,6
"27449","2014-12-24","4th District, Wheaton","Yes","No","No","No","No",2007,12
"27502","2017-03-10","4th District, Wheaton","Yes","No","No","No","No",2011,3
"27514","2018-10-31","2nd District, Bethesda","Yes","Yes","No","No","No",2006,10
"27612","2016-09-16","4th District, Wheaton","Yes","No","No","No","No",1998,9
"27637","2016-07-15","2nd District, Bethesda","Yes","No","Yes","No","No",2011,7
"27686","2017-04-02","4th District, Wheaton","Yes","Yes","No","No","No",2011,4
"27706","2012-01-11","6th District, Gaithersburg / Montgomery Village","Yes","No","No","No","No",1999,1
"27749","2014-02-09","6th District, Gaithersburg / Montgomery Village","Yes","No","Yes","No","No",2001,2
"27829","2015-06-14","1st District, Rockville","Yes","No","No","No","No",2001,6
"27859","2013-08-03","6th District, Gaithersburg / Montgomery Village","Yes","Yes","No","No","No",2021,8
"27875","2017-03-28","2nd District, Bethesda","Yes","No","Yes","No","No",2016,3
"27895","2018-05-31","4th District, Wheaton","Yes","No","No","No","No",2010,5
"27906","2016-07-31","3rd District, Silver Spring","Yes","Yes","No","No","No",2003,7
"27978","2016-09-19","4th District, Wheaton","Yes","No","Yes","No","No",2007,9
"28012","2018-06-25","2nd District, Bethesda","Yes","No","No","No","No",2015,6
"28034","2016-10-13","6th District, Gaithersburg / Montgomery Village","Yes","No","No","No","No",2005,10
"28064","2019-05-14","2nd District, Bethesda","Yes","Yes","No","No","No",2013,5
"28094","2017-12-06","3rd District, Silver Spring","Yes","Yes","No","No","No",2007,12
"28110","2015-04-23","6th District, Gaithersburg / Montgomery Village","Yes","Yes","No","No","No",2006,4
"28136","2015-10-12","5th District, Germantown","Yes","Yes","No","No","No",2007,10
"28231","2013-06-27","3rd District, Silver Spring","Yes","No","No","No","No",2004,6
"28311","2017-10-07","2nd District, Bethesda","Yes","No","No","No","No",2008,10
"28315","2014-03-10","5th District, Germantown","Yes","No","No","No","No",1997,3
"28345","2013-01-19","1st District, Rockville","Yes","No","No","No","No",1998,1
"28395","2016-07-29","5th District, Germantown","Yes","No","No","No","No",2010,7
"28421","2017-02-09","4th District, Wheaton","Yes","No","Yes","No","No",2007,2
"28436","2014-04-27","4th District, Wheaton","Yes","No","No","No","No",2002,4
"28441","2016-10-06","5th District, Germantown","Yes","Yes","No","No","No",2015,10
"28500","2016-11-20","4th District, Wheaton","Yes","No","No","No","No",2005,11
"28526","2018-10-31","2nd District, Bethesda","Yes","No","Yes","No","No",2013,10
"28544","2019-02-11","3rd District, Silver Spring","Yes","Yes","No","No","No",2001,2
"28627","2015-06-23","4th District, Wheaton","Yes","No","No","No","No",1998,6
"28636","2018-06-03","2nd District, Bethesda","Yes","No","No","No","No",2006,6
"28646","2014-01-16","4th District, Wheaton","Yes","No","Yes","No","No",2007,1
"28657","2017-12-07","4th District, Wheaton","Yes","Yes","No","No","No",2003,12
"28664","2016-12-11","4th District, Wheaton","Yes","No","Yes","No","No",2007,12
"28668","2013-06-03","6th District, Gaithersburg / Montgomery Village","Yes","No","No","No","No",1997,6
"28674","2014-06-01","4th District, Wheaton","Yes","No","Yes","No","No",2014,6
"28684","2018-07-06","4th District, Wheaton","Yes","No","No","No","No",2004,7
"28692","2012-03-29","2nd District, Bethesda","Yes","Yes","No","No","No",2006,3
"28710","2018-12-21","Headquarters and Special Operations","Yes","Yes","No","No","No",2015,12
"28734","2015-08-10","1st District, Rockville","Yes","No","Yes","No","No",2015,8
"28772","2016-12-11","4th District, Wheaton","Yes","No","Yes","No","No",2007,12
"28829","2018-08-21","6th District, Gaithersburg / Montgomery Village","Yes","No","Yes","No","No",2006,8
"28954","2018-10-25","3rd District, Silver Spring","Yes","No","No","No","No",2015,10
"28966","2017-07-23","4th District, Wheaton","Yes","Yes","No","No","No",2012,7
"29036","2014-03-12","4th District, Wheaton","Yes","No","Yes","No","No",2005,3
"29079","2013-05-07","3rd District, Silver Spring","Yes","No","Yes","No","No",2003,5
"29093","2012-09-13","4th District, Wheaton","Yes","No","Yes","No","No",2008,9
"29098","2018-07-01","4th District, Wheaton","Yes","No","No","No","No",2015,7
"29167","2018-12-03","3rd District, Silver Spring","Yes","No","Yes","No","No",2014,12
"29257","2019-05-12","Headquarters and Special Operations","Yes","Yes","No","No","No",2017,5
"29381","2014-04-22","2nd District, Bethesda","Yes","No","Yes","No","No",2005,4
"29459","2018-05-16","5th District, Germantown","Yes","Yes","No","No","No",2014,5
"29461","2017-01-31","3rd District, Silver Spring","Yes","Yes","No","No","No",2013,1
"29627","2015-05-02","3rd District, Silver Spring","Yes","No","No","No","No",2003,5
"29670","2016-07-28","3rd District, Silver Spring","Yes","No","Yes","No","No",2011,7
"29725","2013-08-22","6th District, Gaithersburg / Montgomery Village","Yes","No","No","No","No",2007,8
"29731","2014-05-23","5th District, Germantown","Yes","No","No","No","No",2000,5
"29776","2016-09-26","3rd District, Silver Spring","Yes","No","Yes","No","No",2010,9
"29799","2013-05-12","1st District, Rockville","Yes","No","No","No","No",2004,5
"29839","2012-09-27","6th District, Gaithersburg / Montgomery Village","Yes","No","Yes","No","No",2008,9
"29977","2014-11-13","4th District, Wheaton","Yes","No","No","No","No",1999,11
"30031","2017-01-04","2nd District, Bethesda","Yes","No","Yes","No","No",2007,1
"30053","2017-05-13","6th District, Gaithersburg / Montgomery Village","Yes","No","No","No","No",2007,5
"30082","2019-04-14","4th District, Wheaton","Yes","No","Yes","No","No",2003,4
"30103","2017-12-15","3rd District, Silver Spring","Yes","No","Yes","No","No",2007,12
"30112","2016-05-14","6th District, Gaithersburg / Montgomery Village","Yes","Yes","No","No","No",2000,5
"30164","2014-11-26","4th District, Wheaton","Yes","Yes","No","No","No",2007,11
"30284","2013-07-28","4th District, Wheaton","Yes","Yes","No","No","No",2001,7
"30305","2018-04-10","1st District, Rockville","Yes","No","Yes","No","No",2007,4
"30313","2013-04-30","5th District, Germantown","Yes","Yes","No","No","No",2012,4
"30373","2016-12-31","3rd District, Silver Spring","Yes","No","Yes","No","No",2016,12
"30380","2014-06-21","3rd District, Silver Spring","Yes","No","No","No","No",1997,6
"30402","2013-08-18","3rd District, Silver Spring","Yes","No","No","No","No",2010,8
"30409","2015-06-02","1st District, Rockville","Yes","Yes","No","No","No",2007,6
"30488","2016-07-19","4th District, Wheaton","Yes","No","Yes","No","No",2005,7
"30497","2012-12-14","2nd District, Bethesda","Yes","Yes","No","No","No",2008,12
"30550","2015-08-16","3rd District, Silver Spring","Yes","No","Yes","No","No",2010,8
"30597","2016-01-12","2nd District, Bethesda","Yes","No","Yes","No","No",2005,1
"30613","2014-06-16","3rd District, Silver Spring","Yes","No","Yes","No","No",2010,6
"30627","2013-05-07","4th District, Wheaton","Yes","No","No","No","No",1997,5
"30669","2017-03-08","3rd District, Silver Spring","Yes","No","Yes","No","No",2008,3
"30697","2012-08-27","3rd District, Silver Spring","Yes","No","No","No","No",2012,8
"30725","2017-11-14","6th District, Gaithersburg / Montgomery Village","Yes","Yes","No","No","No",2003,11
"30744","2014-07-10","1st District, Rockville","Yes","No","Yes","No","No",2009,7
"30853","2014-10-19","4th District, Wheaton","Yes","No","No","No","No",1986,10
"30888","2018-01-24","5th District, Germantown","Yes","No","No","No","No",2017,1
"30903","2019-02-23","2nd District, Bethesda","Yes","Yes","No","No","No",2011,2
"30955","2014-03-18","5th District, Germantown","Yes","No","No","No","No",1996,3
"30972","2012-11-06","4th District, Wheaton","Yes","No","No","No","No",1996,11
"30979","2016-08-15","5th District, Germantown","Yes","No","No","No","No",2005,8
"31017","2016-03-17","4th District, Wheaton","Yes","No","No","No","No",2004,3
"31048","2014-07-28","Headquarters and Special Operations","Yes","No","Yes","No","No",2010,7
"31061","2016-12-24","3rd District, Silver Spring","Yes","No","Yes","No","No",2003,12
"31081","2018-07-01","4th District, Wheaton","Yes","No","No","No","No",2015,7
"31162","2018-05-20","3rd District, Silver Spring","Yes","No","Yes","No","No",2010,5
"31172","2017-12-15","3rd District, Silver Spring","Yes","No","No","No","No",1996,12
"31394","2017-01-30","3rd District, Silver Spring","Yes","No","No","No","No",2005,1
"31395","2014-06-11","5th District, Germantown","Yes","No","No","No","No",1999,6
"31432","2015-02-01","4th District, Wheaton","Yes","No","No","No","No",1998,2
"31512","2017-05-15","3rd District, Silver Spring","Yes","No","Yes","No","No",2005,5
"31518","2019-02-16","3rd District, Silver Spring","Yes","No","No","No","No",2014,2
"31526","2014-05-18","3rd District, Silver Spring","Yes","No","No","No","No",2005,5
"31527","2012-05-22","1st District, Rockville","Yes","No","No","No","No",2004,5
"31621","2013-12-27","4th District, Wheaton","Yes","No","No","No","No",2002,12
"31688","2015-11-27","5th District, Germantown","Yes","No","No","No","No",2014,11
"31814","2015-10-12","2nd District, Bethesda","Yes","No","Yes","No","No",2014,10
"31820","2014-07-29","5th District, Germantown","Yes","No","No","No","No",2013,7
"31924","2016-12-07","1st District, Rockville","Yes","No","No","No","No",2016,12
"31941","2013-12-23","2nd District, Bethesda","Yes","No","Yes","No","No",2005,12
"31946","2013-04-10","3rd District, Silver Spring","Yes","No","Yes","No","No",2004,4
"31975","2018-02-01","1st District, Rockville","Yes","Yes","No","No","No",1996,2
"32070","2012-04-08","4th District, Wheaton","Yes","No","No","No","No",2004,4
"32085","2017-04-28","6th District, Gaithersburg / Montgomery Village","Yes","No","Yes","No","No",2001,4
"32095","2014-03-02","2nd District, Bethesda","Yes","No","No","No","No",2001,3
"32107","2019-03-05","2nd District, Bethesda","Yes","No","Yes","No","No",2007,3
"32108","2014-02-18","2nd District, Bethesda","Yes","No","Yes","No","No",2001,2
"32140","2015-07-21","4th District, Wheaton","Yes","No","No","No","No",2004,7
"32147","2012-10-15","6th District, Gaithersburg / Montgomery Village","Yes","No","No","No","No",1998,10
"32255","2012-02-22","6th District, Gaithersburg / Montgomery Village","Yes","No","Yes","No","No",2008,2
"32308","2018-08-19","4th District, Wheaton","Yes","No","No","No","No",2005,8
"32348","2014-07-08","3rd District, Silver Spring","Yes","No","Yes","No","No",1999,7
"32410","2013-06-17","3rd District, Silver Spring","Yes","No","Yes","No","No",2012,6
"32471","2016-05-16","2nd District, Bethesda","Yes","No","Yes","No","No",2002,5
"32517","2017-11-09","4th District, Wheaton","Yes","No","No","No","No",2001,11
"32523","2017-11-08","3rd District, Silver Spring","Yes","No","No","No","No",2001,11
"32653","2013-02-08","2nd District, Bethesda","Yes","No","Yes","No","No",2006,2
"32660","2013-06-04","6th District, Gaithersburg / Montgomery Village","Yes","No","No","No","No",2010,6
"32667","2015-06-14","4th District, Wheaton","Yes","No","Yes","No","No",2012,6
"32811","2014-08-30","2nd District, Bethesda","Yes","No","No","No","No",2001,8
"32818","2017-08-29","2nd District, Bethesda","Yes","No","Yes","No","No",2015,8
"32830","2015-06-03","4th District, Wheaton","Yes","No","No","No","No",2003,6
"32836","2019-03-31","1st District, Rockville","Yes","No","No","No","No",2018,3
"32911","2019-07-11","2nd District, Bethesda","Yes","Yes","No","No","No",2013,7
"32952","2013-03-19","6th District, Gaithersburg / Montgomery Village","Yes","No","No","No","No",1999,3
"32954","2014-11-01","4th District, Wheaton","Yes","No","No","No","No",1995,11
"32966","2013-03-25","6th District, Gaithersburg / Montgomery Village","Yes","Yes","No","No","No",1999,3
"33038","2012-09-08","4th District, Wheaton","Yes","No","No","No","No",1932,9
"33049","2014-08-10","3rd District, Silver Spring","Yes","No","Yes","No","No",2012,8
"33051","2016-08-13","3rd District, Silver Spring","Yes","Yes","No","No","No",2011,8
"33064","2014-08-31","5th District, Germantown","Yes","No","No","No","No",2007,8
"33083","2012-09-06","3rd District, Silver Spring","Yes","No","Yes","No","No",2005,9
"33086","2015-05-22","6th District, Gaithersburg / Montgomery Village","Yes","No","No","No","No",2006,5
"33104","2016-04-24","3rd District, Silver Spring","Yes","No","No","No","No",2011,4
"33120","2016-06-27","1st District, Rockville","Yes","No","Yes","No","No",2007,6
"33152","2012-09-10","6th District, Gaithersburg / Montgomery Village","Yes","Yes","No","No","No",1998,9
"33213","2018-07-28","4th District, Wheaton","Yes","No","Yes","No","No",2005,7
"33243","2019-05-04","4th District, Wheaton","Yes","No","No","No","No",2018,5
"33296","2018-01-09","4th District, Wheaton","Yes","No","Yes","No","No",2015,1
"33424","2016-11-09","6th District, Gaithersburg / Montgomery Village","Yes","No","No","No","No",2006,11
"33483","2013-02-20","3rd District, Silver Spring","Yes","No","No","No","No",2003,2
"33592","2012-11-05","5th District, Germantown","Yes","No","No","No","No",1998,11
"33597","2014-04-23","2nd District, Bethesda","Yes","No","Yes","No","No",2007,4
"33643","2014-02-28","3rd District, Silver Spring","Yes","No","No","No","No",2009,2
"33660","2013-11-05","4th District, Wheaton","Yes","No","No","No","No",1989,11
"33712","2017-05-14","4th District, Wheaton","Yes","No","No","No","No",2001,5
"33719","2015-06-22","4th District, Wheaton","Yes","No","No","No","No",2010,6
"33725","2016-06-11","5th District, Germantown","Yes","No","Yes","No","No",2008,6
"33743","2014-07-27","6th District, Gaithersburg / Montgomery Village","Yes","No","No","No","No",2013,7
"33888","2014-02-04","1st District, Rockville","Yes","No","No","No","No",1999,2
"33906","2016-12-12","4th District, Wheaton","Yes","No","Yes","No","No",1999,12
"33907","2018-07-02","2nd District, Bethesda","Yes","No","No","No","No",1998,7
"34008","2017-10-24","4th District, Wheaton","Yes","No","No","No","No",2003,10
"34021","2014-06-13","4th District, Wheaton","Yes","No","Yes","No","No",2014,6
"34051","2014-11-14","3rd District, Silver Spring","Yes","No","Yes","No","No",2007,11
"34177","2015-06-09","2nd District, Bethesda","Yes","Yes","No","No","No",2003,6
"34182","2012-09-12","2nd District, Bethesda","Yes","No","Yes","No","No",2001,9
"34201","2016-03-10","2nd District, Bethesda","Yes","No","No","No","No",2011,3
"34251","2013-12-04","5th District, Germantown","Yes","No","No","No","No",2008,12
"34306","2016-09-23","2nd District, Bethesda","Yes","No","Yes","No","No",2017,9
"34336","2014-08-10","4th District, Wheaton","Yes","No","Yes","No","No",2004,8
"34346","2019-04-06","2nd District, Bethesda","Yes","No","Yes","No","No",2016,4
"34424","2013-05-12","4th District, Wheaton","Yes","No","Yes","No","No",2003,5
"34446","2014-11-20","2nd District, Bethesda","Yes","No","No","No","No",2007,11
"34466","2014-06-05","1st District, Rockville","Yes","No","Yes","No","No",2013,6
"34473","2012-09-20","6th District, Gaithersburg / Montgomery Village","Yes","Yes","No","No","No",2007,9
"34506","2018-09-02","4th District, Wheaton","Yes","No","Yes","No","No",2015,9
"34631","2017-05-11","2nd District, Bethesda","Yes","Yes","No","No","Yes",2007,5
"34634","2019-01-25","4th District, Wheaton","Yes","Yes","No","No","No",2016,1
"34705","2017-03-29","1st District, Rockville","Yes","No","No","No","No",2005,3
"34723","2015-12-11","2nd District, Bethesda","Yes","No","No","No","No",2008,12
"34725","2015-10-04","4th District, Wheaton","Yes","No","No","No","No",2001,10
"34756","2015-10-22","4th District, Wheaton","Yes","No","No","No","No",2001,10
"34759","2015-06-15","6th District, Gaithersburg / Montgomery Village","Yes","No","No","No","No",2007,6
"34779","2014-05-11","4th District, Wheaton","Yes","No","Yes","No","No",2005,5
"34799","2019-05-25","5th District, Germantown","Yes","Yes","No","No","No",2010,5
"34893","2012-04-21","4th District, Wheaton","Yes","No","Yes","No","No",1999,4
"34918","2018-04-17","4th District, Wheaton","Yes","No","No","No","No",2018,4
"34946","2012-01-31","4th District, Wheaton","Yes","No","Yes","No","No",1999,1
"34949","2016-06-12","4th District, Wheaton","Yes","Yes","No","No","No",2006,6
"34993","2018-06-28","3rd District, Silver Spring","Yes","No","No","No","No",2005,6
"35008","2018-08-02","2nd District, Bethesda","Yes","No","No","No","No",2007,8
"35036","2013-06-16","1st District, Rockville","Yes","No","No","No","No",2007,6
"35084","2013-01-08","3rd District, Silver Spring","Yes","No","Yes","No","No",1994,1
"35093","2015-11-27","5th District, Germantown","Yes","No","No","No","No",2001,11
"35157","2012-03-13","3rd District, Silver Spring","Yes","No","No","No","No",2000,3
"35158","2016-10-22","3rd District, Silver Spring","Yes","No","No","No","No",2003,10
"35202","2017-08-20","4th District, Wheaton","Yes","Yes","No","No","No",2008,8
"35268","2014-02-02","3rd District, Silver Spring","Yes","No","Yes","No","No",2004,2
"35390","2014-12-13","4th District, Wheaton","Yes","No","Yes","No","No",2011,12
"35399","2013-03-27","6th District, Gaithersburg / Montgomery Village","Yes","No","No","No","No",2004,3
"35401","2018-09-12","2nd District, Bethesda","Yes","No","Yes","No","No",2013,9
"35427","2019-04-01","3rd District, Silver Spring","Yes","No","No","No","No",2018,4
"35428","2014-10-26","4th District, Wheaton","Yes","No","No","No","No",1996,10
"35465","2014-01-01","6th District, Gaithersburg / Montgomery Village","Yes","No","No","No","No",1996,1
"35467","2017-10-30","4th District, Wheaton","Yes","Yes","No","No","No",2016,10
"35487","2015-07-18","1st District, Rockville","Yes","Yes","No","No","No",2001,7
"35561","2017-08-08","5th District, Germantown","Yes","Yes","No","No","No",2002,8
"35613","2014-12-06","6th District, Gaithersburg / Montgomery Village","Yes","No","No","No","No",2004,12
"35623","2013-08-03","4th District, Wheaton","Yes","No","Yes","No","No",1996,8
"35662","2016-01-08","1st District, Rockville","Yes","No","No","No","No",2013,1
"35677","2015-11-05","6th District, Gaithersburg / Montgomery Village","Yes","No","No","No","No",2016,11
"35700","2018-03-16","6th District, Gaithersburg / Montgomery Village","Yes","No","Yes","No","No",2008,3
"35748","2017-11-26","4th District, Wheaton","Yes","No","Yes","No","No",2002,11
"35816","2018-05-17","5th District, Germantown","Yes","No","No","No","No",2015,5
"35818","2013-01-12","1st District, Rockville","Yes","No","Yes","No","No",1999,1
"35858","2014-11-27","4th District, Wheaton","Yes","No","No","No","No",1992,11
"35884","2017-06-30","3rd District, Silver Spring","Yes","Yes","No","No","No",2015,6
"35887","2015-12-20","1st District, Rockville","Yes","Yes","No","No","No",1995,12
"35932","2019-07-14","4th District, Wheaton","Yes","No","No","No","No",2006,7
"35950","2018-05-20","1st District, Rockville","Yes","No","No","No","No",2011,5
"36000","2013-02-12","2nd District, Bethesda","Yes","Yes","No","No","No",2005,2
"36117","2013-08-28","1st District, Rockville","Yes","No","Yes","No","No",2002,8
"36157","2018-04-22","2nd District, Bethesda","Yes","Yes","No","No","No",2015,4
"36185","2019-02-01","2nd District, Bethesda","Yes","No","No","No","No",2009,2
"36205","2013-11-04","4th District, Wheaton","Yes","No","Yes","No","No",2009,11
"36240","2016-01-05","2nd District, Bethesda","Yes","No","Yes","No","No",2013,1
"36358","2013-05-13","2nd District, Bethesda","Yes","No","Yes","No","No",2007,5
"36672","2013-06-08","6th District, Gaithersburg / Montgomery Village","Yes","No","No","No","No",1998,6
"36737","2015-05-28","4th District, Wheaton","Yes","No","No","No","No",2002,5
"36813","2018-12-28","6th District, Gaithersburg / Montgomery Village","Yes","Yes","No","No","No",2003,12
"36873","2018-10-18","4th District, Wheaton","Yes","No","No","No","No",2017,10
"36877","2015-07-24","2nd District, Bethesda","Yes","No","Yes","No","No",2013,7
"36934","2014-12-17","2nd District, Bethesda","Yes","No","No","No","No",1992,12
"36944","2015-10-11","1st District, Rockville","Yes","No","Yes","No","No",2006,10
"36963","2015-03-05","2nd District, Bethesda","Yes","No","No","No","No",2006,3
"37002","2012-12-19","1st District, Rockville","Yes","No","No","No","No",2011,12
"37145","2017-12-09","3rd District, Silver Spring","Yes","No","No","No","No",2017,12
"37152","2014-12-03","6th District, Gaithersburg / Montgomery Village","Yes","No","No","No","No",2003,12
"37186","2016-11-25","4th District, Wheaton","Yes","No","Yes","No","No",1999,11
"37197","2015-10-29","Headquarters and Special Operations","Yes","No","Yes","No","No",2009,10
"37286","2013-10-28","4th District, Wheaton","Yes","No","Yes","No","No",1996,10
"37335","2016-05-09","5th District, Germantown","Yes","No","No","No","No",2004,5
"37345","2017-01-03","4th District, Wheaton","Yes","No","Yes","No","No",2000,1
"37365","2012-11-06","4th District, Wheaton","Yes","No","No","No","No",2001,11
"37375","2014-07-31","6th District, Gaithersburg / Montgomery Village","Yes","No","No","No","No",2002,7
"37414","2017-01-07","4th District, Wheaton","Yes","Yes","No","No","No",2000,1
"37457","2018-04-23","2nd District, Bethesda","Yes","No","No","No","No",2017,4
"37573","2018-06-10","4th District, Wheaton","Yes","No","No","No","No",2002,6
"37580","2018-07-01","4th District, Wheaton","Yes","Yes","No","No","No",2001,7
"37597","2017-06-19","3rd District, Silver Spring","Yes","No","Yes","No","No",2015,6
"37625","2018-11-21","1st District, Rockville","Yes","No","No","No","No",2007,11
"37687","2018-05-21","4th District, Wheaton","Yes","No","No","No","No",2002,5
"37721","2014-03-22","4th District, Wheaton","Yes","No","No","No","No",1993,3
"37736","2015-10-14","4th District, Wheaton","Yes","No","No","No","No",1997,10
"37787","2015-03-07","4th District, Wheaton","Yes","No","Yes","No","No",2008,3
"37790","2013-05-24","5th District, Germantown","Yes","No","Yes","No","No",2011,5
"37857","2014-04-25","4th District, Wheaton","Yes","No","Yes","No","No",2005,4
"37864","2017-11-20","4th District, Wheaton","Yes","Yes","No","No","No",2012,11
"37874","2013-12-15","3rd District, Silver Spring","Yes","No","Yes","No","No",2013,12
"37889","2016-10-15","1st District, Rockville","Yes","Yes","No","No","No",2010,10
"37895","2015-01-18","6th District, Gaithersburg / Montgomery Village","Yes","No","No","No","No",1996,1
"38076","2016-01-05","1st District, Rockville","Yes","No","Yes","No","No",2011,1
"38121","2014-05-28","3rd District, Silver Spring","Yes","No","No","No","No",1994,5
"38159","2015-12-25","4th District, Wheaton","Yes","No","Yes","No","No",2000,12
"38209","2015-04-14","3rd District, Silver Spring","Yes","No","Yes","No","No",2010,4
"38233","2014-01-04","5th District, Germantown","Yes","No","Yes","No","No",2004,1
"38305","2017-04-18","3rd District, Silver Spring","Yes","No","No","No","No",1999,4
"38357","2013-02-13","4th District, Wheaton","Yes","No","No","No","No",1999,2
"38396","2013-12-06","5th District, Germantown","Yes","No","Yes","No","No",2006,12
"38442","2013-08-09","4th District, Wheaton","Yes","Yes","No","No","No",2006,8
"38448","2012-12-02","2nd District, Bethesda","Yes","No","Yes","No","No",2002,12
"38487","2017-12-25","2nd District, Bethesda","Yes","No","Yes","No","No",2010,12
"38605","2017-03-09","5th District, Germantown","Yes","No","Yes","No","No",2011,3
"38655","2016-07-18","4th District, Wheaton","Yes","No","Yes","No","No",2016,7
"38672","2014-05-17","5th District, Germantown","Yes","No","Yes","No","No",2013,5
"38681","2018-06-21","3rd District, Silver Spring","Yes","No","No","No","No",2012,6
"38690","2016-12-14","6th District, Gaithersburg / Montgomery Village","Yes","No","No","No","No",2011,12
"38700","2016-09-24","1st District, Rockville","Yes","No","Yes","No","No",2015,9
"38722","2013-09-01","3rd District, Silver Spring","Yes","Yes","No","No","No",2013,9
"38790","2015-02-06","2nd District, Bethesda","Yes","No","Yes","No","No",2004,2
"38844","2016-12-27","3rd District, Silver Spring","Yes","Yes","No","No","No",2003,12
"38884","2017-03-13","4th District, Wheaton","Yes","Yes","No","No","No",2006,3
"38940","2014-09-20","1st District, Rockville","Yes","Yes","No","No","No",2011,9
"38966","2014-07-06","4th District, Wheaton","Yes","No","No","No","No",2009,7
"38970","2018-03-19","2nd District, Bethesda","Yes","Yes","No","No","No",2012,3
"38972","2016-12-16","4th District, Wheaton","Yes","No","Yes","No","No",2007,12
"38979","2016-12-22","2nd District, Bethesda","Yes","No","Yes","No","No",2004,12
"38991","2018-04-28","3rd District, Silver Spring","Yes","No","Yes","No","No",2015,4
"38995","2016-12-01","4th District, Wheaton","Yes","Yes","No","No","No",2005,12
"39005","2015-10-04","3rd District, Silver Spring","Yes","No","Yes","No","No",2001,10
"39009","2018-05-18","4th District, Wheaton","Yes","Yes","No","No","No",2014,5
"39034","2014-07-13","3rd District, Silver Spring","Yes","No","No","No","No",1987,7
"39093","2017-11-07","2nd District, Bethesda","Yes","No","No","No","No",2004,11
"39206","2017-09-24","2nd District, Bethesda","Yes","No","Yes","No","No",2009,9
"39335","2015-09-29","6th District, Gaithersburg / Montgomery Village","Yes","No","No","No","No",2006,9
"39356","2015-06-22","2nd District, Bethesda","Yes","Yes","No","No","No",2014,6
"39375","2017-03-19","6th District, Gaithersburg / Montgomery Village","Yes","No","No","No","No",2013,3
"39386","2012-11-06","1st District, Rockville","Yes","No","Yes","No","No",1998,11
"39420","2016-02-10","6th District, Gaithersburg / Montgomery Village","Yes","No","No","No","No",2007,2
"39463","2018-05-06","3rd District, Silver Spring","Yes","No","No","No","No",2006,5
"39477","2015-01-12","4th District, Wheaton","Yes","Yes","No","No","No",2006,1
"39495","2014-07-25","1st District, Rockville","Yes","No","Yes","No","No",1999,7
"39500","2013-10-15","3rd District, Silver Spring","Yes","No","Yes","No","No",1999,10
"39570","2015-10-22","6th District, Gaithersburg / Montgomery Village","Yes","No","No","No","No",2009,10
"39572","2016-12-02","6th District, Gaithersburg / Montgomery Village","Yes","Yes","No","No","No",2010,12
"39604","2013-11-25","3rd District, Silver Spring","Yes","No","No","No","No",2012,11
"39614","2017-09-20","4th District, Wheaton","Yes","No","Yes","No","No",2005,9
"39617","2016-07-17","4th District, Wheaton","Yes","Yes","No","No","No",2013,7
"39753","2012-02-15","5th District, Germantown","Yes","No","Yes","No","No",1997,2
"39985","2013-01-08","3rd District, Silver Spring","Yes","No","Yes","No","No",2011,1
"40009","2017-02-23","4th District, Wheaton","Yes","No","No","No","No",2014,2
"40053","2018-09-20","5th District, Germantown","Yes","Yes","No","No","No",2018,9
"40057","2017-10-11","4th District, Wheaton","Yes","Yes","No","No","No",1999,10
"40127","2017-09-28","6th District, Gaithersburg / Montgomery Village","Yes","Yes","No","No","No",2009,9
"40158","2013-01-14","3rd District, Silver Spring","Yes","Yes","No","No","No",2006,1
"40177","2019-02-27","2nd District, Bethesda","Yes","No","Yes","No","No",2014,2
"40196","2015-11-08","2nd District, Bethesda","Yes","No","Yes","No","No",2008,11
"40213","2013-08-03","3rd District, Silver Spring","Yes","No","No","No","No",2007,8
"40227","2014-10-04","3rd District, Silver Spring","Yes","No","No","No","No",2004,10
"40240","2012-03-28","2nd District, Bethesda","Yes","No","Yes","No","No",2010,3
"40246","2018-10-26","4th District, Wheaton","Yes","No","No","No","No",2016,10
"40269","2017-04-13","4th District, Wheaton","Yes","No","Yes","No","No",2007,4
"40270","2016-02-01","3rd District, Silver Spring","Yes","No","No","No","No",2005,2
"40289","2015-02-28","4th District, Wheaton","Yes","No","No","No","No",2009,2
"40331","2018-08-26","5th District, Germantown","Yes","No","Yes","No","No",2006,8
"40337","2017-07-09","4th District, Wheaton","Yes","No","No","No","No",2006,7
"40355","2015-03-16","3rd District, Silver Spring","Yes","No","No","No","No",2010,3
"40397","2017-05-22","5th District, Germantown","Yes","No","Yes","No","No",2011,5
"40469","2018-12-22","6th District, Gaithersburg / Montgomery Village","Yes","No","No","No","No",2012,12
"40542","2019-03-24","1st District, Rockville","Yes","No","No","No","No",2005,3
"40621","2018-04-07","4th District, Wheaton","Yes","No","No","No","No",2008,4
"40635","2017-11-30","3rd District, Silver Spring","Yes","Yes","No","No","No",2013,11
"40698","2017-01-19","3rd District, Silver Spring","Yes","No","Yes","No","No",2012,1
"40725","2016-12-21","3rd District, Silver Spring","Yes","No","No","No","No",2012,12
"40767","2017-06-25","4th District, Wheaton","Yes","No","Yes","No","No",2012,6
"40795","2018-11-30","1st District, Rockville","Yes","Yes","No","No","No",2016,11
"40818","2015-04-14","4th District, Wheaton","Yes","No","No","No","No",2000,4
"40843","2017-05-27","4th District, Wheaton","Yes","No","No","No","No",2015,5
"40863","2013-07-04","3rd District, Silver Spring","Yes","No","Yes","No","No",2002,7
"40918","2012-07-17","6th District, Gaithersburg / Montgomery Village","Yes","No","No","No","No",2004,7
"40957","2014-11-26","2nd District, Bethesda","Yes","No","Yes","No","No",2014,11
"41012","2015-05-03","4th District, Wheaton","Yes","Yes","No","No","No",2008,5
"41041","2013-08-02","6th District, Gaithersburg / Montgomery Village","Yes","No","No","No","No",2000,8
"41162","2017-08-20","3rd District, Silver Spring","Yes","No","No","No","No",2005,8
"41181","2013-06-30","1st District, Rockville","Yes","No","No","No","No",2007,6
"41309","2012-10-04","4th District, Wheaton","Yes","No","Yes","No","No",2007,10
"41312","2014-11-04","6th District, Gaithersburg / Montgomery Village","Yes","No","No","No","No",2004,11
"41322","2015-06-24","6th District, Gaithersburg / Montgomery Village","Yes","No","Yes","No","No",2014,6
"41421","2018-09-25","6th District, Gaithersburg / Montgomery Village","Yes","Yes","No","No","No",2007,9
"41432","2018-03-31","2nd District, Bethesda","Yes","No","Yes","No","No",1998,3
"41491","2017-01-09","2nd District, Bethesda","Yes","Yes","No","No","No",2015,1
"41519","2014-11-02","3rd District, Silver Spring","Yes","No","No","No","No",1998,11
"41568","2016-03-23","6th District, Gaithersburg / Montgomery Village","Yes","No","No","No","No",2005,3
"41583","2017-01-01","4th District, Wheaton","Yes","Yes","No","No","No",2006,1
"41625","2017-12-05","5th District, Germantown","Yes","Yes","No","No","No",2002,12
"41635","2018-03-05","3rd District, Silver Spring","Yes","No","No","No","No",2007,3
"41744","2014-12-22","2nd District, Bethesda","Yes","Yes","No","No","No",2007,12
"41777","2017-01-30","6th District, Gaithersburg / Montgomery Village","Yes","No","Yes","No","No",2008,1
"41800","2018-11-05","4th District, Wheaton","Yes","No","No","No","No",2007,11
"41808","2015-01-28","1st District, Rockville","Yes","No","No","No","No",2002,1
"41813","2018-08-17","5th District, Germantown","Yes","No","Yes","No","No",2012,8
"41837","2018-01-24","3rd District, Silver Spring","Yes","Yes","No","No","No",2013,1
"41953","2017-03-25","5th District, Germantown","Yes","No","No","No","No",2005,3
"41971","2018-02-25","4th District, Wheaton","Yes","No","Yes","No","No",1994,2
"41988","2014-09-29","Headquarters and Special Operations","Yes","No","No","Yes","No",2001,9
"42022","2013-12-25","4th District, Wheaton","Yes","No","No","No","No",2008,12
"42052","2016-01-29","2nd District, Bethesda","Yes","No","No","No","No",2004,1
"42094","2019-04-27","1st District, Rockville","Yes","Yes","No","No","No",2019,4
"42162","2018-08-30","2nd District, Bethesda","Yes","No","No","No","No",2005,8
"42178","2014-11-12","3rd District, Silver Spring","Yes","No","No","No","No",2006,11
"42203","2017-03-21","5th District, Germantown","Yes","No","No","No","No",2012,3
"42273","2019-06-02","5th District, Germantown","Yes","No","No","No","No",2015,6
"42285","2014-05-16","4th District, Wheaton","Yes","No","No","No","No",2006,5
"42299","2017-09-10","4th District, Wheaton","Yes","No","Yes","No","No",2017,9
"42301","2012-11-06","1st District, Rockville","Yes","No","Yes","No","No",1998,11
"42312","2017-06-04","4th District, Wheaton","Yes","No","Yes","No","No",2002,6
"42337","2016-05-06","3rd District, Silver Spring","Yes","No","Yes","No","No",1995,5
"42363","2016-11-02","6th District, Gaithersburg / Montgomery Village","Yes","No","No","No","No",2000,11
"42403","2012-08-27","3rd District, Silver Spring","Yes","No","No","No","No",2012,8
"42525","2013-08-01","4th District, Wheaton","Yes","No","Yes","No","No",2000,8
"42560","2016-09-09","2nd District, Bethesda","Yes","Yes","No","No","No",2015,9
"42660","2016-10-22","4th District, Wheaton","Yes","No","No","No","No",2015,10
"42717","2014-02-10","6th District, Gaithersburg / Montgomery Village","Yes","No","No","No","No",2012,2
"42751","2015-11-08","2nd District, Bethesda","Yes","No","Yes","No","No",2008,11
"42774","2014-07-09","5th District, Germantown","Yes","No","Yes","No","No",2010,7
"42918","2015-02-15","6th District, Gaithersburg / Montgomery Village","Yes","No","No","No","No",2004,2
"42925","2018-09-28","4th District, Wheaton","Yes","No","No","No","No",2007,9
"42966","2014-04-15","4th District, Wheaton","Yes","No","No","No","No",2004,4
"42999","2013-08-10","4th District, Wheaton","Yes","No","Yes","No","No",1995,8
"43068","2014-10-08","2nd District, Bethesda","Yes","No","Yes","No","No",2014,10
"43084","2015-06-25","1st District, Rockville","Yes","No","Yes","No","No",2001,6
"43092","2019-05-06","2nd District, Bethesda","Yes","No","Yes","No","No",2017,5
"43122","2015-07-20","2nd District, Bethesda","Yes","No","Yes","No","No",2004,7
"43177","2015-10-19","1st District, Rockville","Yes","No","No","No","No",2006,10
"43197","2012-05-04","4th District, Wheaton","Yes","No","No","No","No",2010,5
"43236","2015-10-11","3rd District, Silver Spring","Yes","No","Yes","No","No",1999,10
"43247","2015-10-15","3rd District, Silver Spring","Yes","No","No","No","No",2007,10
"43329","2016-01-06","4th District, Wheaton","Yes","No","Yes","No","No",2001,1
"43398","2014-09-12","2nd District, Bethesda","Yes","Yes","No","No","No",2010,9
"43402","2017-12-16","1st District, Rockville","Yes","No","No","No","No",2005,12
"43417","2012-08-10","2nd District, Bethesda","Yes","Yes","No","No","No",2007,8
"43418","2018-05-10","4th District, Wheaton","Yes","No","No","No","No",2009,5
"43496","2015-10-01","5th District, Germantown","Yes","No","Yes","No","No",2010,10
"43513","2018-03-31","5th District, Germantown","Yes","No","No","No","No",2005,3
"43632","2017-10-28","4th District, Wheaton","Yes","No","Yes","No","No",2008,10
"43771","2012-06-02","4th District, Wheaton","Yes","No","No","No","No",1996,6
"43772","2013-06-10","2nd District, Bethesda","Yes","No","No","No","No",2008,6
"43816","2015-12-17","2nd District, Bethesda","Yes","No","No","No","No",2011,12
"43819","2014-12-07","6th District, Gaithersburg / Montgomery Village","Yes","Yes","No","No","No",2007,12
"43901","2014-11-24","4th District, Wheaton","Yes","No","No","No","No",2007,11
"43973","2012-01-08","4th District, Wheaton","Yes","No","No","No","No",2005,1
"43989","2015-10-25","4th District, Wheaton","Yes","Yes","No","No","No",1998,10
"43994","2017-06-05","6th District, Gaithersburg / Montgomery Village","Yes","No","No","No","No",2007,6
"44012","2018-11-21","3rd District, Silver Spring","Yes","No","No","No","No",2007,11
"44137","2016-07-10","2nd District, Bethesda","Yes","No","Yes","No","No",2012,7
"44174","2015-09-16","4th District, Wheaton","Yes","No","No","No","No",2006,9
"44191","2019-02-05","1st District, Rockville","Yes","No","Yes","No","No",2013,2
"44233","2014-07-27","5th District, Germantown","Yes","Yes","No","No","No",1997,7
"44266","2012-12-05","6th District, Gaithersburg / Montgomery Village","Yes","No","No","No","No",2005,12
"44290","2013-10-24","1st District, Rockville","Yes","No","No","No","No",1999,10
"44328","2015-10-18","4th District, Wheaton","Yes","No","No","No","No",2014,10
"44389","2014-11-13","3rd District, Silver Spring","Yes","Yes","No","No","No",2005,11
"44462","2013-05-05","3rd District, Silver Spring","Yes","No","No","No","No",2008,5
"44497","2019-01-26","6th District, Gaithersburg / Montgomery Village","Yes","No","No","No","No",2017,1
"44506","2013-11-10","4th District, Wheaton","Yes","Yes","No","No","No",1999,11
"44513","2014-11-06","1st District, Rockville","Yes","No","Yes","No","No",2009,11
"44546","2015-04-23","4th District, Wheaton","Yes","No","Yes","No","No",2005,4
"44555","2015-11-27","6th District, Gaithersburg / Montgomery Village","Yes","Yes","No","No","No",1999,11
"44599","2015-04-07","5th District, Germantown","Yes","No","Yes","No","No",2004,4
"44654","2018-04-13","1st District, Rockville","Yes","No","No","No","No",2013,4
"44703","2013-07-31","3rd District, Silver Spring","Yes","No","Yes","No","No",2003,7
"44732","2015-10-16","6th District, Gaithersburg / Montgomery Village","Yes","No","No","No","No",1999,10
"44827","2018-09-24","3rd District, Silver Spring","Yes","No","Yes","No","No",1999,9
"44863","2017-08-15","3rd District, Silver Spring","Yes","No","Yes","No","No",2003,8
"44873","2017-09-17","3rd District, Silver Spring","Yes","No","Yes","No","No",2016,9
"44874","2019-02-08","6th District, Gaithersburg / Montgomery Village","Yes","No","No","No","No",2013,2
"44981","2019-02-12","2nd District, Bethesda","Yes","No","No","No","No",2008,2
"44999","2013-07-06","4th District, Wheaton","Yes","Yes","No","No","No",2004,7
"45124","2014-05-08","1st District, Rockville","Yes","No","Yes","No","No",2011,5
"45245","2014-12-25","4th District, Wheaton","Yes","No","No","No","No",2006,12
"45352","2016-12-05","6th District, Gaithersburg / Montgomery Village","Yes","Yes","No","No","No",2002,12
"45353","2016-06-23","3rd District, Silver Spring","Yes","Yes","No","No","No",2013,6
"45377","2014-06-07","4th District, Wheaton","Yes","No","Yes","No","No",2006,6
"45388","2016-05-29","5th District, Germantown","Yes","No","No","No","No",2012,5
"45393","2014-12-13","4th District, Wheaton","Yes","No","No","No","No",2010,12
"45410","2019-05-25","6th District, Gaithersburg / Montgomery Village","Yes","No","No","No","No",2016,5
"45426","2014-05-19","2nd District, Bethesda","Yes","No","Yes","No","No",2014,5
"45539","2018-10-03","2nd District, Bethesda","Yes","No","No","No","No",2007,10
"45582","2016-01-17","4th District, Wheaton","Yes","No","Yes","No","No",2010,1
"45684","2017-09-05","4th District, Wheaton","Yes","No","No","No","No",2013,9
"45733","2016-10-31","4th District, Wheaton","Yes","Yes","No","No","No",1999,10
"45737","2019-04-22","1st District, Rockville","Yes","No","Yes","No","No",2015,4
"45777","2012-11-06","1st District, Rockville","Yes","No","Yes","No","No",1998,11
"45825","2014-10-21","4th District, Wheaton","Yes","No","Yes","No","No",2014,10
"45916","2019-02-04","2nd District, Bethesda","Yes","No","Yes","No","No",2002,2
"45951","2016-02-16","3rd District, Silver Spring","Yes","No","No","No","No",2011,2
"45964","2013-06-25","5th District, Germantown","Yes","No","Yes","No","No",2012,6
"45983","2015-01-17","1st District, Rockville","Yes","No","Yes","No","No",1992,1
"46019","2016-08-03","3rd District, Silver Spring","Yes","No","No","No","No",1994,8
"46079","2012-12-28","4th District, Wheaton","Yes","No","Yes","No","No",2004,12
"46112","2016-06-01","1st District, Rockville","Yes","No","No","No","No",2008,6
"46115","2013-06-26","3rd District, Silver Spring","Yes","No","Yes","No","No",1999,6
"46121","2016-10-18","3rd District, Silver Spring","Yes","No","No","No","No",2010,10
"46173","2014-01-06","4th District, Wheaton","Yes","No","Yes","No","No",2006,1
"46174","2012-06-28","4th District, Wheaton","Yes","Yes","No","No","No",2003,6
"46181","2015-05-21","1st District, Rockville","Yes","No","No","No","No",2015,5
"46185","2016-08-15","2nd District, Bethesda","Yes","No","No","No","No",2006,8
"46188","2014-09-25","4th District, Wheaton","Yes","No","No","No","No",2011,9
"46272","2013-09-09","3rd District, Silver Spring","Yes","Yes","No","No","No",2001,9
"46463","2012-12-29","3rd District, Silver Spring","Yes","No","Yes","No","No",1996,12
"46568","2018-01-31","5th District, Germantown","Yes","No","Yes","No","No",2009,1
"46574","2016-12-03","6th District, Gaithersburg / Montgomery Village","Yes","No","No","No","No",2011,12
"46605","2018-10-23","5th District, Germantown","Yes","No","Yes","No","No",2018,10
"46624","2016-07-06","2nd District, Bethesda","Yes","No","No","No","No",2013,7
"46631","2016-06-05","5th District, Germantown","Yes","No","No","No","No",2005,6
"46684","2016-02-14","6th District, Gaithersburg / Montgomery Village","Yes","Yes","No","No","No",2007,2
"46780","2018-10-23","1st District, Rockville","Yes","No","No","No","No",2001,10
"46808","2018-02-02","4th District, Wheaton","Yes","Yes","No","No","No",2013,2
"46889","2018-08-24","3rd District, Silver Spring","Yes","Yes","No","No","No",2016,8
"46903","2018-03-22","2nd District, Bethesda","Yes","Yes","No","No","No",2009,3
"46908","2018-10-01","6th District, Gaithersburg / Montgomery Village","Yes","No","No","No","No",2018,10
"46938","2016-11-06","2nd District, Bethesda","Yes","No","Yes","No","No",2016,11
"46949","2017-10-07","3rd District, Silver Spring","Yes","No","Yes","No","No",2011,10
"46952","2012-04-09","2nd District, Bethesda","Yes","Yes","No","No","No",2008,4
"46991","2017-10-23","2nd District, Bethesda","Yes","No","No","No","No",2004,10
"47071","2018-09-13","4th District, Wheaton","Yes","No","No","No","No",2006,9
"47094","2012-02-16","2nd District, Bethesda","Yes","No","Yes","No","No",2006,2
"47104","2018-03-09","2nd District, Bethesda","Yes","Yes","No","No","No",2008,3
"47140","2016-10-17","4th District, Wheaton","Yes","Yes","No","No","No",2013,10
"47195","2017-12-14","3rd District, Silver Spring","Yes","No","Yes","No","No",2015,12
"47223","2015-04-28","4th District, Wheaton","Yes","No","No","No","No",2013,4
"47231","2018-12-27","4th District, Wheaton","Yes","No","No","No","No",2007,12
"47268","2016-01-20","4th District, Wheaton","Yes","No","No","No","No",2003,1
"47327","2018-02-06","3rd District, Silver Spring","Yes","Yes","No","No","No",2016,2
"47330","2013-10-26","4th District, Wheaton","Yes","Yes","No","No","No",2000,10
"47331","2016-01-16","6th District, Gaithersburg / Montgomery Village","Yes","Yes","No","No","No",2006,1
"47337","2017-03-05","3rd District, Silver Spring","Yes","No","Yes","No","No",2009,3
"47467","2017-12-25","4th District, Wheaton","Yes","No","Yes","No","No",2003,12
"47473","2018-06-17","4th District, Wheaton","Yes","Yes","No","No","No",2009,6
"47541","2012-11-20","1st District, Rockville","Yes","No","Yes","No","No",1999,11
"47563","2015-02-12","3rd District, Silver Spring","Yes","No","Yes","No","No",2014,2
"47587","2015-10-18","3rd District, Silver Spring","Yes","No","Yes","No","No",2011,10
"47590","2014-09-08","2nd District, Bethesda","Yes","Yes","No","No","No",2005,9
"47685","2013-03-01","6th District, Gaithersburg / Montgomery Village","Yes","No","No","No","No",2001,3
"47745","2013-08-19","6th District, Gaithersburg / Montgomery Village","Yes","Yes","No","No","No",2005,8
"47755","2015-06-06","5th District, Germantown","Yes","No","No","No","No",2012,6
"47836","2018-06-30","3rd District, Silver Spring","Yes","No","No","No","No",2014,6
"47870","2016-09-13","1st District, Rockville","Yes","No","Yes","No","No",2005,9
"47909","2017-10-02","6th District, Gaithersburg / Montgomery Village","Yes","No","No","No","No",2012,10
"47989","2019-03-21","1st District, Rockville","Yes","Yes","No","No","No",2007,3
"48024","2014-02-23","3rd District, Silver Spring","Yes","No","No","No","No",2004,2
"48050","2014-08-21","4th District, Wheaton","Yes","No","No","No","No",2010,8
"48107","2017-06-14","6th District, Gaithersburg / Montgomery Village","Yes","No","No","No","No",2012,6
"48154","2012-05-29","3rd District, Silver Spring","Yes","Yes","No","No","No",2006,5
"48159","2019-02-23","4th District, Wheaton","Yes","No","Yes","No","No",2002,2
"48170","2014-10-29","1st District, Rockville","Yes","No","Yes","No","No",2011,10
"48256","2014-02-10","6th District, Gaithersburg / Montgomery Village","Yes","No","Yes","No","No",2013,2
"48267","2018-04-26","3rd District, Silver Spring","Yes","Yes","No","No","No",2007,4
"48365","2018-10-13","3rd District, Silver Spring","Yes","Yes","No","No","No",2017,10
"48412","2019-04-11","2nd District, Bethesda","Yes","No","No","No","No",2014,4
"48446","2012-05-23","1st District, Rockville","Yes","Yes","No","No","No",2007,5
"48477","2014-10-04","Headquarters and Special Operations","Yes","No","No","No","No",2004,10
"48582","2018-12-02","4th District, Wheaton","Yes","No","No","No","No",2003,12
"48586","2015-03-19","5th District, Germantown","Yes","Yes","No","No","No",2012,3
"48607","2015-11-19","5th District, Germantown","Yes","Yes","No","No","No",2007,11
"48670","2019-06-09","4th District, Wheaton","Yes","No","No","No","No",2004,6
"48672","2019-05-01","5th District, Germantown","Yes","No","Yes","No","No",2013,5
"48695","2017-02-04","6th District, Gaithersburg / Montgomery Village","Yes","No","Yes","No","No",2005,2
"48704","2017-01-27","1st District, Rockville","Yes","No","No","No","No",2013,1
"48712","2012-12-24","5th District, Germantown","Yes","No","Yes","No","No",2005,12
"48734","2016-12-03","4th District, Wheaton","Yes","No","Yes","No","No",2002,12
"48765","2014-06-29","2nd District, Bethesda","Yes","No","No","No","No",2010,6
"48822","2012-07-19","5th District, Germantown","Yes","No","No","No","No",1992,7
"48835","2018-01-23","2nd District, Bethesda","Yes","Yes","No","No","No",2010,1
"48901","2013-12-20","6th District, Gaithersburg / Montgomery Village","Yes","No","Yes","No","No",2005,12
"48909","2016-04-28","1st District, Rockville","Yes","No","Yes","No","No",2004,4
"48940","2013-08-09","2nd District, Bethesda","Yes","Yes","No","No","No",1998,8
"48966","2015-05-17","1st District, Rockville","Yes","No","No","No","No",2006,5
"48978","2015-12-14","2nd District, Bethesda","Yes","No","Yes","No","No",2012,12
"48993","2016-04-09","3rd District, Silver Spring","Yes","No","No","No","No",1992,4
"48996","2019-02-06","4th District, Wheaton","Yes","No","No","No","No",2009,2
"49003","2013-03-10","4th District, Wheaton","Yes","No","Yes","No","No",2003,3
"49028","2013-06-18","4th District, Wheaton","Yes","No","No","No","No",1999,6
"49033","2012-10-23","5th District, Germantown","Yes","No","No","No","No",2009,10
"49123","2017-11-07","6th District, Gaithersburg / Montgomery Village","Yes","Yes","No","No","No",2005,11
"49155","2017-01-26","2nd District, Bethesda","Yes","No","Yes","No","No",2006,1
"49165","2016-03-07","4th District, Wheaton","Yes","No","No","No","No",2008,3
"49195","2019-02-16","4th District, Wheaton","Yes","No","No","No","No",2001,2
"49296","2012-06-26","1st District, Rockville","Yes","No","No","No","No",1998,6
"49297","2016-02-05","2nd District, Bethesda","Yes","No","No","No","No",2014,2
"49350","2015-07-03","3rd District, Silver Spring","Yes","No","Yes","No","No",2002,7
"49366","2017-07-03","5th District, Germantown","Yes","No","No","No","No",2005,7
"49377","2015-09-20","3rd District, Silver Spring","Yes","Yes","No","No","No",2009,9
"49387","2017-05-30","5th District, Germantown","Yes","No","Yes","No","No",2011,5
"49432","2012-10-15","3rd District, Silver Spring","Yes","No","No","No","No",2002,10
"49448","2018-08-08","1st District, Rockville","Yes","No","No","No","No",1995,8
"49453","2019-07-14","Headquarters and Special Operations","Yes","No","Yes","No","No",2010,7
"49469","2016-10-09","2nd District, Bethesda","Yes","Yes","No","No","No",2008,10
"49532","2016-11-07","3rd District, Silver Spring","Yes","No","No","No","No",1999,11
"49543","2015-08-17","4th District, Wheaton","Yes","No","No","No","No",2002,8
"49550","2014-05-19","2nd District, Bethesda","Yes","No","No","No","No",2003,5
"49566","2016-10-11","2nd District, Bethesda","Yes","No","No","No","No",2016,10
"49573","2017-07-20","5th District, Germantown","Yes","No","No","No","No",2016,7
"49579","2018-12-20","3rd District, Silver Spring","Yes","No","Yes","No","No",2007,12
"49590","2016-09-28","2nd District, Bethesda","Yes","No","Yes","No","No",2016,9
"49730","2013-12-03","3rd District, Silver Spring","Yes","No","No","No","No",2012,12
"49731","2012-01-15","2nd District, Bethesda","Yes","No","Yes","No","No",2010,1
"49748","2014-10-11","4th District, Wheaton","Yes","Yes","No","No","No",2014,10
"49765","2018-06-04","2nd District, Bethesda","Yes","No","No","No","No",2002,6
"49790","2014-10-27","5th District, Germantown","Yes","No","Yes","No","No",2012,10
"49896","2017-05-16","2nd District, Bethesda","Yes","No","Yes","No","No",2016,5
"49986","2019-04-01","2nd District, Bethesda","Yes","Yes","No","No","No",2003,4
